offense_id,incident_id,crime_head,mo_text,mo_signature,severity_weight
OFF000002,INC000001,Cheating,"Accused posed as a insurance agent and convinced the victim to transfer funds via a fraudulent link, then became unreachable.",channel:a fraudulent link,20
OFF000003,INC000002,Cheating,"Accused posed as a government officer and convinced the victim to transfer funds via a fraudulent link, then became unreachable.",channel:a fraudulent link,20
OFF000004,INC000003,Cheating,"Accused posed as a delivery agent and convinced the victim to transfer funds via UPI, then became unreachable.",channel:UPI,20
OFF000005,INC000004,Cheating,"Accused posed as a insurance agent and convinced the victim to transfer funds via UPI, then became unreachable.",channel:UPI,20
OFF000006,INC000005,Cheating,"Accused posed as a government officer and convinced the victim to transfer funds via UPI, then became unreachable.",channel:UPI,20
OFF000007,INC000006,Cheating,"Accused posed as a insurance agent and convinced the victim to transfer funds via UPI, then became unreachable.",channel:UPI,20
OFF000008,INC000007,Cheating,"Accused posed as a government officer and convinced the victim to transfer funds via UPI, then became unreachable.",channel:UPI,20
OFF000009,INC000008,Hurt / Grievous Hurt,"Accused engaged in an altercation with the victim near a bus stop over a property boundary, causing injury with a iron rod.",weapon:iron rod,35
OFF000010,INC000009,Hurt / Grievous Hurt,"Accused engaged in an altercation with the victim near a bus stop over an old debt, causing injury with a iron rod.",weapon:iron rod,35
OFF000011,INC000010,Hurt / Grievous Hurt,"Accused engaged in an altercation with the victim near a parking lot over an old debt, causing injury with a iron rod.",weapon:iron rod,35
OFF000012,INC000011,Hurt / Grievous Hurt,"Accused engaged in an altercation with the victim near a bus stop over an old debt, causing injury with a iron rod.",weapon:iron rod,35
OFF000013,INC000012,Cheating,"Accused posed as a bank official and convinced the victim to transfer funds via UPI, then became unreachable.",channel:UPI,20
OFF000014,INC000013,Cheating,"Accused posed as a government officer and convinced the victim to transfer funds via UPI, then became unreachable.",channel:UPI,20
OFF000015,INC000014,Theft,Accused was seen loitering near a residential lane before removing a bag of valuables and fleeing on a bicycle.,vehicle:bicycle,8
OFF000016,INC000015,Theft,Accused was seen loitering near a residential lane before removing two mobile phones and fleeing on a bicycle.,vehicle:bicycle,8
OFF000017,INC000016,Theft,Accused was seen loitering near a residential lane before removing two mobile phones and fleeing on a bicycle.,vehicle:bicycle,8
OFF000018,INC000017,Theft,Accused was seen loitering near a bus stop before removing two mobile phones and fleeing on a bicycle.,vehicle:bicycle,8
OFF000019,INC000018,Theft,Accused was seen loitering near a residential lane before removing two mobile phones and fleeing on a bicycle.,vehicle:bicycle,8
OFF000020,INC000019,Burglary,Accused gained entry through the terrace access and removed jewellery from the premises while occupants were asleep.,entry:terrace access,15
OFF000021,INC000020,Burglary,Accused gained entry through the terrace access and removed cash and electronics from the premises while occupants were asleep.,entry:terrace access,15
OFF000022,INC000021,Burglary,Accused gained entry through the terrace access and removed a bag of valuables from the premises while occupants were at work.,entry:terrace access,15
OFF000023,INC000022,Robbery,"Accused approached the victim near a bus stop, threatened them with a blunt object, and fled with cash and electronics on a two-wheeler.",weapon:blunt object,45
OFF000024,INC000023,Robbery,"Accused approached the victim near a market area, threatened them with a blunt object, and fled with two mobile phones on a two-wheeler.",weapon:blunt object,45
OFF000025,INC000024,Robbery,"Accused approached the victim near a railway station, threatened them with a blunt object, and fled with cash and electronics on a two-wheeler.",weapon:blunt object,45
OFF000026,INC000025,Robbery,"Accused approached the victim near a parking lot, threatened them with a blunt object, and fled with a bag of valuables on a two-wheeler.",weapon:blunt object,45
OFF000027,INC000026,Robbery,"Accused approached the victim near a market area, threatened them with a blunt object, and fled with a bag of valuables on a two-wheeler.",weapon:blunt object,45
OFF000028,INC000027,Burglary,Accused gained entry through the rear window and removed a laptop from the premises while occupants were away.,entry:rear window,15
OFF000029,INC000028,Burglary,Accused gained entry through the rear window and removed two mobile phones from the premises while occupants were away.,entry:rear window,15
OFF000030,INC000029,Burglary,Accused gained entry through the rear window and removed cash and electronics from the premises while occupants were at work.,entry:rear window,15
OFF000031,INC000030,Burglary,Accused gained entry through the rear window and removed jewellery from the premises while occupants were asleep.,entry:rear window,15
OFF000032,INC000031,Burglary,Accused gained entry through the rear window and removed jewellery from the premises while occupants were asleep.,entry:rear window,15
OFF000033,INC000032,Theft,Accused was seen loitering near a residential lane before removing cash and electronics and fleeing on a on foot.,vehicle:on foot,8
OFF000034,INC000033,Theft,Accused was seen loitering near a railway station before removing a laptop and fleeing on a on foot.,vehicle:on foot,8
OFF000035,INC000034,Theft,Accused was seen loitering near a parking lot before removing two mobile phones and fleeing on a on foot.,vehicle:on foot,8
OFF000036,INC000035,Burglary,Accused gained entry through the compound wall and removed a laptop from the premises while occupants were asleep.,entry:compound wall,15
OFF000037,INC000036,Burglary,Accused gained entry through the compound wall and removed a bag of valuables from the premises while occupants were at work.,entry:compound wall,15
OFF000038,INC000037,Burglary,Accused gained entry through the compound wall and removed two mobile phones from the premises while occupants were asleep.,entry:compound wall,15
OFF000039,INC000038,Burglary,Accused gained entry through the compound wall and removed jewellery from the premises while occupants were away.,entry:compound wall,15
OFF000040,INC000039,Burglary,Accused gained entry through the compound wall and removed jewellery from the premises while occupants were away.,entry:compound wall,15
OFF000041,INC000040,Burglary,Accused gained entry through the rear window and removed cash and electronics from the premises while occupants were away.,entry:rear window,15
OFF000042,INC000041,Burglary,Accused gained entry through the rear window and removed cash and electronics from the premises while occupants were asleep.,entry:rear window,15
OFF000043,INC000042,Theft,Accused was seen loitering near a residential lane before removing a laptop and fleeing on a on foot.,vehicle:on foot,8
OFF000044,INC000043,Theft,Accused was seen loitering near a market area before removing a bag of valuables and fleeing on a on foot.,vehicle:on foot,8
OFF000045,INC000044,Theft,Accused was seen loitering near a market area before removing jewellery and fleeing on a on foot.,vehicle:on foot,8
OFF000046,INC000045,Theft,Accused was seen loitering near a residential lane before removing a laptop and fleeing on a on foot.,vehicle:on foot,8
OFF000047,INC000046,Robbery,"Accused approached the victim near a bus stop, threatened them with a knife, and fled with a laptop on a two-wheeler.",weapon:knife,45
OFF000048,INC000047,Robbery,"Accused approached the victim near a residential lane, threatened them with a knife, and fled with a laptop on a two-wheeler.",weapon:knife,45
OFF000049,INC000048,Robbery,"Accused approached the victim near a residential lane, threatened them with a knife, and fled with a bag of valuables on a two-wheeler.",weapon:knife,45
OFF000050,INC000049,Robbery,"Accused approached the victim near a parking lot, threatened them with a knife, and fled with two mobile phones on a two-wheeler.",weapon:knife,45
OFF000051,INC000050,Hurt / Grievous Hurt,"Accused engaged in an altercation with the victim near a market area over an old debt, causing injury with a iron rod.",weapon:iron rod,35
OFF000052,INC000051,Hurt / Grievous Hurt,"Accused engaged in an altercation with the victim near a market area over a road-rage incident, causing injury with a iron rod.",weapon:iron rod,35
OFF000053,INC000052,Hurt / Grievous Hurt,"Accused engaged in an altercation with the victim near a parking lot over a property boundary, causing injury with a iron rod.",weapon:iron rod,35
OFF000054,INC000053,Hurt / Grievous Hurt,"Accused engaged in an altercation with the victim near a residential lane over a property boundary, causing injury with a iron rod.",weapon:iron rod,35
OFF000055,INC000054,Hurt / Grievous Hurt,"Accused engaged in an altercation with the victim near a market area over a property boundary, causing injury with a iron rod.",weapon:iron rod,35
OFF000056,INC000055,Hurt / Grievous Hurt,"Accused engaged in an altercation with the victim near a market area over a property boundary, causing injury with a iron rod.",weapon:iron rod,35
OFF000057,INC000056,Hurt / Grievous Hurt,"Accused engaged in an altercation with the victim near a parking lot over a property boundary, causing injury with a iron rod.",weapon:iron rod,35
OFF000058,INC000057,Hurt / Grievous Hurt,"Accused engaged in an altercation with the victim near a railway station over a property boundary, causing injury with a iron rod.",weapon:iron rod,35
OFF000059,INC000058,Hurt / Grievous Hurt,"Accused engaged in an altercation with the victim near a residential lane over an old debt, causing injury with a iron rod.",weapon:iron rod,35
OFF000060,INC000059,Theft,Accused was seen loitering near a market area before removing two mobile phones and fleeing on a bicycle.,vehicle:bicycle,8
OFF000061,INC000060,Theft,Accused was seen loitering near a market area before removing two mobile phones and fleeing on a bicycle.,vehicle:bicycle,8
OFF000062,INC000061,Theft,Accused was seen loitering near a residential lane before removing cash and electronics and fleeing on a bicycle.,vehicle:bicycle,8
OFF000063,INC000062,Theft,Accused was seen loitering near a bus stop before removing a bag of valuables and fleeing on a bicycle.,vehicle:bicycle,8
OFF000064,INC000063,Burglary,Accused gained entry through the terrace access and removed two mobile phones from the premises while occupants were at work.,entry:terrace access,15
OFF000065,INC000064,Burglary,Accused gained entry through the terrace access and removed a bag of valuables from the premises while occupants were away.,entry:terrace access,15
OFF000066,INC000065,Burglary,Accused gained entry through the terrace access and removed a laptop from the premises while occupants were at work.,entry:terrace access,15
OFF000067,INC000066,Burglary,Accused gained entry through the terrace access and removed cash and electronics from the premises while occupants were at work.,entry:terrace access,15
OFF000068,INC000067,Burglary,Accused gained entry through the kitchen ventilator and removed cash and electronics from the premises while occupants were asleep.,entry:kitchen ventilator,15
OFF000069,INC000068,Burglary,Accused gained entry through the kitchen ventilator and removed a laptop from the premises while occupants were asleep.,entry:kitchen ventilator,15
OFF000070,INC000069,Burglary,Accused gained entry through the kitchen ventilator and removed cash and electronics from the premises while occupants were at work.,entry:kitchen ventilator,15
OFF000071,INC000070,Burglary,Accused gained entry through the kitchen ventilator and removed jewellery from the premises while occupants were asleep.,entry:kitchen ventilator,15
OFF000072,INC000071,Cheating,"Accused posed as a delivery agent and convinced the victim to transfer funds via a fraudulent link, then became unreachable.",channel:a fraudulent link,20
OFF000073,INC000072,Cheating,"Accused posed as a delivery agent and convinced the victim to transfer funds via a fraudulent link, then became unreachable.",channel:a fraudulent link,20
OFF000074,INC000073,Burglary,Accused gained entry through the unlocked back door and removed two mobile phones from the premises while occupants were at work.,entry:unlocked back door,15
OFF000075,INC000074,Burglary,Accused gained entry through the unlocked back door and removed a bag of valuables from the premises while occupants were at work.,entry:unlocked back door,15
OFF000076,INC000075,Theft,Accused was seen loitering near a market area before removing jewellery and fleeing on a bicycle.,vehicle:bicycle,8
OFF000077,INC000076,Theft,Accused was seen loitering near a bus stop before removing a bag of valuables and fleeing on a bicycle.,vehicle:bicycle,8
OFF000078,INC000077,Theft,Accused was seen loitering near a parking lot before removing jewellery and fleeing on a bicycle.,vehicle:bicycle,8
OFF000079,INC000078,Theft,Accused was seen loitering near a residential lane before removing a bag of valuables and fleeing on a bicycle.,vehicle:bicycle,8
OFF000080,INC000079,Cheating,"Accused posed as a bank official and convinced the victim to transfer funds via phone banking, then became unreachable.",channel:phone banking,20
OFF000081,INC000080,Cheating,"Accused posed as a government officer and convinced the victim to transfer funds via phone banking, then became unreachable.",channel:phone banking,20
OFF000082,INC000081,Cheating,"Accused posed as a government officer and convinced the victim to transfer funds via UPI, then became unreachable.",channel:UPI,20
OFF000083,INC000082,Cheating,"Accused posed as a delivery agent and convinced the victim to transfer funds via UPI, then became unreachable.",channel:UPI,20
OFF000084,INC000083,Cheating,"Accused posed as a delivery agent and convinced the victim to transfer funds via UPI, then became unreachable.",channel:UPI,20
OFF000085,INC000084,Cheating,"Accused posed as a government officer and convinced the victim to transfer funds via UPI, then became unreachable.",channel:UPI,20
OFF000086,INC000085,Cheating,"Accused posed as a government officer and convinced the victim to transfer funds via UPI, then became unreachable.",channel:UPI,20
OFF000087,INC000086,Hurt / Grievous Hurt,"Accused engaged in an altercation with the victim near a residential lane over an old debt, causing injury with a iron rod.",weapon:iron rod,35
OFF000088,INC000087,Hurt / Grievous Hurt,"Accused engaged in an altercation with the victim near a bus stop over a road-rage incident, causing injury with a iron rod.",weapon:iron rod,35
OFF000089,INC000088,Hurt / Grievous Hurt,"Accused engaged in an altercation with the victim near a parking lot over a property boundary, causing injury with a iron rod.",weapon:iron rod,35
OFF000090,INC000089,Burglary,Accused gained entry through the unlocked back door and removed jewellery from the premises while occupants were at work.,entry:unlocked back door,15
OFF000091,INC000090,Burglary,Accused gained entry through the unlocked back door and removed a bag of valuables from the premises while occupants were away.,entry:unlocked back door,15
OFF000092,INC000091,Burglary,Accused gained entry through the unlocked back door and removed jewellery from the premises while occupants were asleep.,entry:unlocked back door,15
OFF000093,INC000092,Theft,Accused was seen loitering near a bus stop before removing two mobile phones and fleeing on a bicycle.,vehicle:bicycle,8
OFF000094,INC000093,Theft,Accused was seen loitering near a residential lane before removing a laptop and fleeing on a bicycle.,vehicle:bicycle,8
OFF000095,INC000094,Theft,Accused was seen loitering near a market area before removing two mobile phones and fleeing on a bicycle.,vehicle:bicycle,8
OFF000096,INC000095,Theft,Accused was seen loitering near a residential lane before removing a bag of valuables and fleeing on a bicycle.,vehicle:bicycle,8
OFF000097,INC000096,Theft,Accused was seen loitering near a market area before removing jewellery and fleeing on a two-wheeler.,vehicle:two-wheeler,8
OFF000098,INC000097,Theft,Accused was seen loitering near a parking lot before removing a bag of valuables and fleeing on a two-wheeler.,vehicle:two-wheeler,8
OFF000099,INC000098,Theft,Accused was seen loitering near a market area before removing a bag of valuables and fleeing on a two-wheeler.,vehicle:two-wheeler,8
OFF000100,INC000099,Theft,Accused was seen loitering near a residential lane before removing a bag of valuables and fleeing on a two-wheeler.,vehicle:two-wheeler,8
OFF000101,INC000100,Theft,Accused was seen loitering near a market area before removing jewellery and fleeing on a two-wheeler.,vehicle:two-wheeler,8
OFF000102,INC000101,Burglary,Accused gained entry through the kitchen ventilator and removed jewellery from the premises while occupants were at work.,entry:kitchen ventilator,15
OFF000103,INC000102,Burglary,Accused gained entry through the kitchen ventilator and removed cash and electronics from the premises while occupants were asleep.,entry:kitchen ventilator,15
OFF000104,INC000103,Burglary,Accused gained entry through the kitchen ventilator and removed two mobile phones from the premises while occupants were asleep.,entry:kitchen ventilator,15
OFF000105,INC000104,Burglary,Accused gained entry through the kitchen ventilator and removed a bag of valuables from the premises while occupants were away.,entry:kitchen ventilator,15
OFF000106,INC000105,Burglary,Accused gained entry through the kitchen ventilator and removed a laptop from the premises while occupants were at work.,entry:kitchen ventilator,15
OFF000107,INC000106,Theft,Accused was seen loitering near a railway station before removing a laptop and fleeing on a on foot.,vehicle:on foot,8
OFF000108,INC000107,Theft,Accused was seen loitering near a bus stop before removing a bag of valuables and fleeing on a on foot.,vehicle:on foot,8
OFF000109,INC000108,Theft,Accused was seen loitering near a market area before removing a bag of valuables and fleeing on a on foot.,vehicle:on foot,8
OFF000110,INC000109,Theft,Accused was seen loitering near a railway station before removing cash and electronics and fleeing on a on foot.,vehicle:on foot,8
OFF000111,INC000110,Burglary,Accused gained entry through the rear window and removed cash and electronics from the premises while occupants were at work.,entry:rear window,15
OFF000112,INC000111,Burglary,Accused gained entry through the rear window and removed two mobile phones from the premises while occupants were asleep.,entry:rear window,15
OFF000113,INC000112,Burglary,Accused gained entry through the rear window and removed two mobile phones from the premises while occupants were away.,entry:rear window,15
OFF000114,INC000113,Burglary,Accused gained entry through the rear window and removed a laptop from the premises while occupants were asleep.,entry:rear window,15
OFF000115,INC000114,Cheating,"Accused posed as a bank official and convinced the victim to transfer funds via a fraudulent link, then became unreachable.",channel:a fraudulent link,20
OFF000116,INC000115,Cheating,"Accused posed as a insurance agent and convinced the victim to transfer funds via a fraudulent link, then became unreachable.",channel:a fraudulent link,20
OFF000117,INC000116,Cheating,"Accused posed as a government officer and convinced the victim to transfer funds via a fraudulent link, then became unreachable.",channel:a fraudulent link,20
OFF000118,INC000117,Robbery,"Accused approached the victim near a market area, threatened them with a sharp weapon, and fled with cash and electronics on a two-wheeler.",weapon:sharp weapon,45
OFF000119,INC000118,Robbery,"Accused approached the victim near a parking lot, threatened them with a sharp weapon, and fled with cash and electronics on a two-wheeler.",weapon:sharp weapon,45
OFF000120,INC000119,Robbery,"Accused approached the victim near a bus stop, threatened them with a iron rod, and fled with two mobile phones on a two-wheeler.",weapon:iron rod,45
OFF000121,INC000120,Robbery,"Accused approached the victim near a residential lane, threatened them with a iron rod, and fled with a laptop on a two-wheeler.",weapon:iron rod,45
OFF000122,INC000121,Robbery,"Accused approached the victim near a residential lane, threatened them with a iron rod, and fled with jewellery on a two-wheeler.",weapon:iron rod,45
OFF000123,INC000122,Robbery,"Accused approached the victim near a parking lot, threatened them with a iron rod, and fled with a laptop on a two-wheeler.",weapon:iron rod,45
OFF000124,INC000123,Robbery,"Accused approached the victim near a market area, threatened them with a iron rod, and fled with a laptop on a two-wheeler.",weapon:iron rod,45
OFF000125,INC000124,Theft,Accused was seen loitering near a market area before removing cash and electronics and fleeing on a two-wheeler.,vehicle:two-wheeler,8
OFF000126,INC000125,Theft,Accused was seen loitering near a railway station before removing cash and electronics and fleeing on a two-wheeler.,vehicle:two-wheeler,8
OFF000127,INC000126,Theft,Accused was seen loitering near a railway station before removing a bag of valuables and fleeing on a two-wheeler.,vehicle:two-wheeler,8
OFF000128,INC000127,Theft,Accused was seen loitering near a market area before removing two mobile phones and fleeing on a two-wheeler.,vehicle:two-wheeler,8
OFF000129,INC000128,Theft,Accused was seen loitering near a railway station before removing cash and electronics and fleeing on a two-wheeler.,vehicle:two-wheeler,8
OFF000130,INC000129,Burglary,Accused gained entry through the terrace access and removed cash and electronics from the premises while occupants were at work.,entry:terrace access,15
OFF000131,INC000130,Burglary,Accused gained entry through the terrace access and removed a bag of valuables from the premises while occupants were at work.,entry:terrace access,15
OFF000132,INC000131,Hurt / Grievous Hurt,"Accused engaged in an altercation with the victim near a parking lot over a property boundary, causing injury with a blunt object.",weapon:blunt object,35
OFF000133,INC000132,Hurt / Grievous Hurt,"Accused engaged in an altercation with the victim near a residential lane over a family matter, causing injury with a blunt object.",weapon:blunt object,35
OFF000134,INC000133,Hurt / Grievous Hurt,"Accused engaged in an altercation with the victim near a railway station over a property boundary, causing injury with a blunt object.",weapon:blunt object,35
OFF000135,INC000134,Hurt / Grievous Hurt,"Accused engaged in an altercation with the victim near a residential lane over an old debt, causing injury with a blunt object.",weapon:blunt object,35
OFF000136,INC000135,Hurt / Grievous Hurt,"Accused engaged in an altercation with the victim near a railway station over a family matter, causing injury with a blunt object.",weapon:blunt object,35
OFF000137,INC000136,Hurt / Grievous Hurt,"Accused engaged in an altercation with the victim near a parking lot over a property boundary, causing injury with a sharp weapon.",weapon:sharp weapon,35
OFF000138,INC000137,Hurt / Grievous Hurt,"Accused engaged in an altercation with the victim near a railway station over a family matter, causing injury with a sharp weapon.",weapon:sharp weapon,35
OFF000139,INC000138,Hurt / Grievous Hurt,"Accused engaged in an altercation with the victim near a parking lot over a property boundary, causing injury with a sharp weapon.",weapon:sharp weapon,35
OFF000140,INC000139,Hurt / Grievous Hurt,"Accused engaged in an altercation with the victim near a market area over a property boundary, causing injury with a sharp weapon.",weapon:sharp weapon,35
OFF000141,INC000140,Cheating,"Accused posed as a government officer and convinced the victim to transfer funds via phone banking, then became unreachable.",channel:phone banking,20
OFF000142,INC000141,Cheating,"Accused posed as a bank official and convinced the victim to transfer funds via phone banking, then became unreachable.",channel:phone banking,20
OFF000143,INC000142,Cheating,"Accused posed as a government officer and convinced the victim to transfer funds via phone banking, then became unreachable.",channel:phone banking,20
OFF000144,INC000143,Cheating,"Accused posed as a government officer and convinced the victim to transfer funds via phone banking, then became unreachable.",channel:phone banking,20
OFF000145,INC000144,Cheating,"Accused posed as a bank official and convinced the victim to transfer funds via phone banking, then became unreachable.",channel:phone banking,20
OFF000146,INC000145,Burglary,Accused gained entry through the unlocked back door and removed two mobile phones from the premises while occupants were at work.,entry:unlocked back door,15
OFF000147,INC000146,Burglary,Accused gained entry through the unlocked back door and removed jewellery from the premises while occupants were asleep.,entry:unlocked back door,15
OFF000148,INC000147,Burglary,Accused gained entry through the unlocked back door and removed cash and electronics from the premises while occupants were asleep.,entry:unlocked back door,15
OFF000149,INC000148,Burglary,Accused gained entry through the unlocked back door and removed jewellery from the premises while occupants were asleep.,entry:unlocked back door,15
OFF000150,INC000149,Burglary,Accused gained entry through the unlocked back door and removed a bag of valuables from the premises while occupants were asleep.,entry:unlocked back door,15
OFF000151,INC000150,Robbery,"Accused approached the victim near a bus stop, threatened them with a iron rod, and fled with jewellery on a auto-rickshaw.",weapon:iron rod,45
OFF000152,INC000151,Robbery,"Accused approached the victim near a residential lane, threatened them with a iron rod, and fled with a laptop on a auto-rickshaw.",weapon:iron rod,45
OFF000153,INC000152,Robbery,"Accused approached the victim near a market area, threatened them with a iron rod, and fled with cash and electronics on a auto-rickshaw.",weapon:iron rod,45
OFF000154,INC000153,Robbery,"Accused approached the victim near a market area, threatened them with a knife, and fled with jewellery on a on foot.",weapon:knife,45
OFF000155,INC000154,Robbery,"Accused approached the victim near a residential lane, threatened them with a knife, and fled with cash and electronics on a on foot.",weapon:knife,45
OFF000156,INC000155,Robbery,"Accused approached the victim near a parking lot, threatened them with a knife, and fled with cash and electronics on a on foot.",weapon:knife,45
OFF000157,INC000156,Robbery,"Accused approached the victim near a parking lot, threatened them with a knife, and fled with two mobile phones on a on foot.",weapon:knife,45
OFF000158,INC000157,Robbery,"Accused approached the victim near a bus stop, threatened them with a sharp weapon, and fled with cash and electronics on a on foot.",weapon:sharp weapon,45
OFF000159,INC000158,Robbery,"Accused approached the victim near a residential lane, threatened them with a sharp weapon, and fled with a laptop on a on foot.",weapon:sharp weapon,45
OFF000160,INC000159,Robbery,"Accused approached the victim near a parking lot, threatened them with a sharp weapon, and fled with cash and electronics on a on foot.",weapon:sharp weapon,45
OFF000161,INC000160,Hurt / Grievous Hurt,"Accused engaged in an altercation with the victim near a railway station over a family matter, causing injury with a sharp weapon.",weapon:sharp weapon,35
OFF000162,INC000161,Hurt / Grievous Hurt,"Accused engaged in an altercation with the victim near a parking lot over a road-rage incident, causing injury with a sharp weapon.",weapon:sharp weapon,35
OFF000163,INC000162,Hurt / Grievous Hurt,"Accused engaged in an altercation with the victim near a railway station over a property boundary, causing injury with a sharp weapon.",weapon:sharp weapon,35
OFF000164,INC000163,Hurt / Grievous Hurt,"Accused engaged in an altercation with the victim near a residential lane over a road-rage incident, causing injury with a sharp weapon.",weapon:sharp weapon,35
OFF000165,INC000164,Robbery,"Accused approached the victim near a residential lane, threatened them with a iron rod, and fled with cash and electronics on a auto-rickshaw.",weapon:iron rod,45
OFF000166,INC000165,Robbery,"Accused approached the victim near a bus stop, threatened them with a iron rod, and fled with two mobile phones on a auto-rickshaw.",weapon:iron rod,45
OFF000167,INC000166,Robbery,"Accused approached the victim near a bus stop, threatened them with a iron rod, and fled with a bag of valuables on a auto-rickshaw.",weapon:iron rod,45
OFF000168,INC000167,Theft,Accused was seen loitering near a parking lot before removing a laptop and fleeing on a auto-rickshaw.,vehicle:auto-rickshaw,8
OFF000169,INC000168,Theft,Accused was seen loitering near a parking lot before removing a bag of valuables and fleeing on a auto-rickshaw.,vehicle:auto-rickshaw,8
OFF000170,INC000169,Theft,Accused was seen loitering near a residential lane before removing jewellery and fleeing on a auto-rickshaw.,vehicle:auto-rickshaw,8
OFF000171,INC000170,Theft,Accused was seen loitering near a residential lane before removing a bag of valuables and fleeing on a auto-rickshaw.,vehicle:auto-rickshaw,8
OFF000172,INC000171,Cheating,"Accused posed as a delivery agent and convinced the victim to transfer funds via a fraudulent link, then became unreachable.",channel:a fraudulent link,20
OFF000173,INC000172,Cheating,"Accused posed as a government officer and convinced the victim to transfer funds via a fraudulent link, then became unreachable.",channel:a fraudulent link,20
OFF000174,INC000173,Hurt / Grievous Hurt,"Accused engaged in an altercation with the victim near a residential lane over a road-rage incident, causing injury with a sharp weapon.",weapon:sharp weapon,35
OFF000175,INC000174,Hurt / Grievous Hurt,"Accused engaged in an altercation with the victim near a residential lane over an old debt, causing injury with a sharp weapon.",weapon:sharp weapon,35
OFF000176,INC000175,Burglary,Accused gained entry through the unlocked back door and removed jewellery from the premises while occupants were away.,entry:unlocked back door,15
OFF000177,INC000176,Burglary,Accused gained entry through the unlocked back door and removed two mobile phones from the premises while occupants were asleep.,entry:unlocked back door,15
OFF000178,INC000177,Burglary,Accused gained entry through the unlocked back door and removed two mobile phones from the premises while occupants were away.,entry:unlocked back door,15
OFF000179,INC000178,Burglary,Accused gained entry through the kitchen ventilator and removed cash and electronics from the premises while occupants were asleep.,entry:kitchen ventilator,15
OFF000180,INC000179,Burglary,Accused gained entry through the kitchen ventilator and removed cash and electronics from the premises while occupants were at work.,entry:kitchen ventilator,15
OFF000181,INC000180,Burglary,Accused gained entry through the rear window and removed cash and electronics from the premises while occupants were asleep.,entry:rear window,15
OFF000182,INC000181,Burglary,Accused gained entry through the rear window and removed two mobile phones from the premises while occupants were at work.,entry:rear window,15
OFF000183,INC000182,Hurt / Grievous Hurt,"Accused engaged in an altercation with the victim near a market area over a family matter, causing injury with a blunt object.",weapon:blunt object,35
OFF000184,INC000183,Hurt / Grievous Hurt,"Accused engaged in an altercation with the victim near a market area over a property boundary, causing injury with a blunt object.",weapon:blunt object,35
OFF000185,INC000184,Hurt / Grievous Hurt,"Accused engaged in an altercation with the victim near a railway station over a property boundary, causing injury with a blunt object.",weapon:blunt object,35
OFF000186,INC000185,Hurt / Grievous Hurt,"Accused engaged in an altercation with the victim near a residential lane over a property boundary, causing injury with a blunt object.",weapon:blunt object,35
OFF000187,INC000186,Hurt / Grievous Hurt,"Accused engaged in an altercation with the victim near a residential lane over a family matter, causing injury with a blunt object.",weapon:blunt object,35
OFF000188,INC000187,Hurt / Grievous Hurt,"Accused engaged in an altercation with the victim near a parking lot over a family matter, causing injury with a blunt object.",weapon:blunt object,35
OFF000189,INC000188,Hurt / Grievous Hurt,"Accused engaged in an altercation with the victim near a bus stop over an old debt, causing injury with a blunt object.",weapon:blunt object,35
OFF000190,INC000189,Cheating,"Accused posed as a bank official and convinced the victim to transfer funds via phone banking, then became unreachable.",channel:phone banking,20
OFF000191,INC000190,Cheating,"Accused posed as a government officer and convinced the victim to transfer funds via phone banking, then became unreachable.",channel:phone banking,20
OFF000192,INC000191,Cheating,"Accused posed as a bank official and convinced the victim to transfer funds via phone banking, then became unreachable.",channel:phone banking,20
OFF000193,INC000192,Cheating,"Accused posed as a delivery agent and convinced the victim to transfer funds via phone banking, then became unreachable.",channel:phone banking,20
OFF000194,INC000193,Theft,Accused was seen loitering near a railway station before removing cash and electronics and fleeing on a bicycle.,vehicle:bicycle,8
OFF000195,INC000194,Theft,Accused was seen loitering near a residential lane before removing two mobile phones and fleeing on a bicycle.,vehicle:bicycle,8
OFF000196,INC000195,Robbery,"Accused approached the victim near a parking lot, threatened them with a sharp weapon, and fled with two mobile phones on a auto-rickshaw.",weapon:sharp weapon,45
OFF000197,INC000196,Robbery,"Accused approached the victim near a residential lane, threatened them with a sharp weapon, and fled with a laptop on a auto-rickshaw.",weapon:sharp weapon,45
OFF000198,INC000197,Robbery,"Accused approached the victim near a railway station, threatened them with a sharp weapon, and fled with a bag of valuables on a auto-rickshaw.",weapon:sharp weapon,45
OFF000199,INC000198,Robbery,"Accused approached the victim near a railway station, threatened them with a sharp weapon, and fled with a laptop on a auto-rickshaw.",weapon:sharp weapon,45
OFF000200,INC000199,Cheating,"Accused posed as a government officer and convinced the victim to transfer funds via a fraudulent link, then became unreachable.",channel:a fraudulent link,20
OFF000201,INC000200,Cheating,"Accused posed as a delivery agent and convinced the victim to transfer funds via a fraudulent link, then became unreachable.",channel:a fraudulent link,20
OFF000202,INC000201,Cheating,"Accused posed as a bank official and convinced the victim to transfer funds via a fraudulent link, then became unreachable.",channel:a fraudulent link,20
OFF000203,INC000202,Cheating,"Accused posed as a insurance agent and convinced the victim to transfer funds via a fraudulent link, then became unreachable.",channel:a fraudulent link,20
OFF000204,INC000203,Cheating,"Accused posed as a bank official and convinced the victim to transfer funds via a fraudulent link, then became unreachable.",channel:a fraudulent link,20
OFF000205,INC000204,Robbery,"Accused approached the victim near a parking lot, threatened them with a sharp weapon, and fled with two mobile phones on a two-wheeler.",weapon:sharp weapon,45
OFF000206,INC000205,Robbery,"Accused approached the victim near a railway station, threatened them with a sharp weapon, and fled with a bag of valuables on a two-wheeler.",weapon:sharp weapon,45
OFF000207,INC000206,Hurt / Grievous Hurt,"Accused engaged in an altercation with the victim near a residential lane over a family matter, causing injury with a sharp weapon.",weapon:sharp weapon,35
OFF000208,INC000207,Hurt / Grievous Hurt,"Accused engaged in an altercation with the victim near a market area over a property boundary, causing injury with a sharp weapon.",weapon:sharp weapon,35
OFF000209,INC000208,Hurt / Grievous Hurt,"Accused engaged in an altercation with the victim near a bus stop over an old debt, causing injury with a sharp weapon.",weapon:sharp weapon,35
OFF000210,INC000209,Hurt / Grievous Hurt,"Accused engaged in an altercation with the victim near a parking lot over a property boundary, causing injury with a sharp weapon.",weapon:sharp weapon,35
OFF000211,INC000210,Theft,Accused was seen loitering near a railway station before removing a bag of valuables and fleeing on a on foot.,vehicle:on foot,8
OFF000212,INC000211,Theft,Accused was seen loitering near a bus stop before removing a bag of valuables and fleeing on a on foot.,vehicle:on foot,8
OFF000213,INC000212,Theft,Accused was seen loitering near a bus stop before removing a laptop and fleeing on a on foot.,vehicle:on foot,8
OFF000214,INC000213,Theft,Accused was seen loitering near a parking lot before removing jewellery and fleeing on a on foot.,vehicle:on foot,8
OFF000215,INC000214,Theft,Accused was seen loitering near a market area before removing jewellery and fleeing on a on foot.,vehicle:on foot,8
OFF000216,INC000215,Robbery,"Accused approached the victim near a bus stop, threatened them with a iron rod, and fled with a laptop on a bicycle.",weapon:iron rod,45
OFF000217,INC000216,Robbery,"Accused approached the victim near a parking lot, threatened them with a iron rod, and fled with jewellery on a bicycle.",weapon:iron rod,45
OFF000218,INC000217,Robbery,"Accused approached the victim near a railway station, threatened them with a iron rod, and fled with cash and electronics on a auto-rickshaw.",weapon:iron rod,45
OFF000219,INC000218,Robbery,"Accused approached the victim near a railway station, threatened them with a iron rod, and fled with a laptop on a auto-rickshaw.",weapon:iron rod,45
OFF000220,INC000219,Robbery,"Accused approached the victim near a parking lot, threatened them with a iron rod, and fled with a laptop on a auto-rickshaw.",weapon:iron rod,45
OFF000221,INC000220,Theft,Accused was seen loitering near a market area before removing a bag of valuables and fleeing on a auto-rickshaw.,vehicle:auto-rickshaw,8
OFF000222,INC000221,Theft,Accused was seen loitering near a residential lane before removing a bag of valuables and fleeing on a auto-rickshaw.,vehicle:auto-rickshaw,8
OFF000223,INC000222,Theft,Accused was seen loitering near a parking lot before removing cash and electronics and fleeing on a auto-rickshaw.,vehicle:auto-rickshaw,8
OFF000224,INC000223,Theft,Accused was seen loitering near a parking lot before removing two mobile phones and fleeing on a auto-rickshaw.,vehicle:auto-rickshaw,8
OFF000225,INC000224,Theft,Accused was seen loitering near a railway station before removing two mobile phones and fleeing on a auto-rickshaw.,vehicle:auto-rickshaw,8
OFF000226,INC000225,Theft,Accused was seen loitering near a railway station before removing cash and electronics and fleeing on a auto-rickshaw.,vehicle:auto-rickshaw,8
OFF000227,INC000226,Theft,Accused was seen loitering near a residential lane before removing jewellery and fleeing on a auto-rickshaw.,vehicle:auto-rickshaw,8
OFF000228,INC000227,Cheating,"Accused posed as a bank official and convinced the victim to transfer funds via phone banking, then became unreachable.",channel:phone banking,20
OFF000229,INC000228,Cheating,"Accused posed as a delivery agent and convinced the victim to transfer funds via phone banking, then became unreachable.",channel:phone banking,20
OFF000230,INC000229,Cheating,"Accused posed as a government officer and convinced the victim to transfer funds via phone banking, then became unreachable.",channel:phone banking,20
OFF000231,INC000230,Cheating,"Accused posed as a delivery agent and convinced the victim to transfer funds via phone banking, then became unreachable.",channel:phone banking,20
OFF000232,INC000231,Cheating,"Accused posed as a delivery agent and convinced the victim to transfer funds via phone banking, then became unreachable.",channel:phone banking,20
OFF000233,INC000232,Hurt / Grievous Hurt,"Accused engaged in an altercation with the victim near a parking lot over an old debt, causing injury with a iron rod.",weapon:iron rod,35
OFF000234,INC000233,Hurt / Grievous Hurt,"Accused engaged in an altercation with the victim near a residential lane over a road-rage incident, causing injury with a iron rod.",weapon:iron rod,35
OFF000235,INC000234,Hurt / Grievous Hurt,"Accused engaged in an altercation with the victim near a parking lot over an old debt, causing injury with a iron rod.",weapon:iron rod,35
OFF000236,INC000235,Hurt / Grievous Hurt,"Accused engaged in an altercation with the victim near a railway station over an old debt, causing injury with a iron rod.",weapon:iron rod,35
OFF000237,INC000236,Hurt / Grievous Hurt,"Accused engaged in an altercation with the victim near a market area over a property boundary, causing injury with a iron rod.",weapon:iron rod,35
OFF000238,INC000237,Burglary,Accused gained entry through the unlocked back door and removed cash and electronics from the premises while occupants were away.,entry:unlocked back door,15
OFF000239,INC000238,Burglary,Accused gained entry through the unlocked back door and removed a laptop from the premises while occupants were asleep.,entry:unlocked back door,15
OFF000240,INC000239,Burglary,Accused gained entry through the unlocked back door and removed two mobile phones from the premises while occupants were away.,entry:unlocked back door,15
OFF000241,INC000240,Burglary,Accused gained entry through the unlocked back door and removed cash and electronics from the premises while occupants were at work.,entry:unlocked back door,15
OFF000242,INC000241,Burglary,Accused gained entry through the unlocked back door and removed a laptop from the premises while occupants were asleep.,entry:unlocked back door,15
OFF000243,INC000242,Theft,Accused was seen loitering near a bus stop before removing a laptop and fleeing on a on foot.,vehicle:on foot,8
OFF000244,INC000243,Theft,Accused was seen loitering near a parking lot before removing cash and electronics and fleeing on a on foot.,vehicle:on foot,8
OFF000245,INC000244,Theft,Accused was seen loitering near a market area before removing cash and electronics and fleeing on a on foot.,vehicle:on foot,8
OFF000246,INC000245,Robbery,"Accused approached the victim near a residential lane, threatened them with a blunt object, and fled with cash and electronics on a bicycle.",weapon:blunt object,45
OFF000247,INC000246,Robbery,"Accused approached the victim near a parking lot, threatened them with a blunt object, and fled with two mobile phones on a bicycle.",weapon:blunt object,45
OFF000248,INC000247,Hurt / Grievous Hurt,"Accused engaged in an altercation with the victim near a market area over a property boundary, causing injury with a knife.",weapon:knife,35
OFF000249,INC000248,Hurt / Grievous Hurt,"Accused engaged in an altercation with the victim near a railway station over an old debt, causing injury with a knife.",weapon:knife,35
OFF000250,INC000249,Hurt / Grievous Hurt,"Accused engaged in an altercation with the victim near a bus stop over a road-rage incident, causing injury with a knife.",weapon:knife,35
OFF000251,INC000250,Hurt / Grievous Hurt,"Accused engaged in an altercation with the victim near a railway station over an old debt, causing injury with a knife.",weapon:knife,35
OFF000252,INC000251,Burglary,Accused gained entry through the compound wall and removed a laptop from the premises while occupants were asleep.,entry:compound wall,15
OFF000253,INC000252,Burglary,Accused gained entry through the compound wall and removed a bag of valuables from the premises while occupants were at work.,entry:compound wall,15
OFF000254,INC000253,Burglary,Accused gained entry through the compound wall and removed jewellery from the premises while occupants were away.,entry:compound wall,15
OFF000255,INC000254,Robbery,"Accused approached the victim near a residential lane, threatened them with a iron rod, and fled with cash and electronics on a bicycle.",weapon:iron rod,45
OFF000256,INC000255,Robbery,"Accused approached the victim near a bus stop, threatened them with a iron rod, and fled with a laptop on a bicycle.",weapon:iron rod,45
OFF000257,INC000256,Robbery,"Accused approached the victim near a residential lane, threatened them with a iron rod, and fled with cash and electronics on a bicycle.",weapon:iron rod,45
OFF000258,INC000257,Hurt / Grievous Hurt,"Accused engaged in an altercation with the victim near a bus stop over a road-rage incident, causing injury with a knife.",weapon:knife,35
OFF000259,INC000258,Hurt / Grievous Hurt,"Accused engaged in an altercation with the victim near a parking lot over a family matter, causing injury with a knife.",weapon:knife,35
OFF000260,INC000259,Hurt / Grievous Hurt,"Accused engaged in an altercation with the victim near a parking lot over an old debt, causing injury with a knife.",weapon:knife,35
OFF000261,INC000260,Hurt / Grievous Hurt,"Accused engaged in an altercation with the victim near a market area over a family matter, causing injury with a knife.",weapon:knife,35
OFF000262,INC000261,Burglary,Accused gained entry through the terrace access and removed a bag of valuables from the premises while occupants were at work.,entry:terrace access,15
OFF000263,INC000262,Burglary,Accused gained entry through the terrace access and removed a laptop from the premises while occupants were at work.,entry:terrace access,15
OFF000264,INC000263,Burglary,Accused gained entry through the terrace access and removed two mobile phones from the premises while occupants were asleep.,entry:terrace access,15
OFF000265,INC000264,Burglary,Accused gained entry through the terrace access and removed two mobile phones from the premises while occupants were at work.,entry:terrace access,15
OFF000266,INC000265,Hurt / Grievous Hurt,"Accused engaged in an altercation with the victim near a parking lot over a property boundary, causing injury with a blunt object.",weapon:blunt object,35
OFF000267,INC000266,Hurt / Grievous Hurt,"Accused engaged in an altercation with the victim near a parking lot over a property boundary, causing injury with a blunt object.",weapon:blunt object,35
OFF000268,INC000267,Hurt / Grievous Hurt,"Accused engaged in an altercation with the victim near a market area over a family matter, causing injury with a blunt object.",weapon:blunt object,35
OFF000269,INC000268,Hurt / Grievous Hurt,"Accused engaged in an altercation with the victim near a residential lane over a family matter, causing injury with a blunt object.",weapon:blunt object,35
OFF000270,INC000269,Hurt / Grievous Hurt,"Accused engaged in an altercation with the victim near a railway station over an old debt, causing injury with a blunt object.",weapon:blunt object,35
OFF000271,INC000270,Burglary,Accused gained entry through the compound wall and removed cash and electronics from the premises while occupants were asleep.,entry:compound wall,15
OFF000272,INC000271,Burglary,Accused gained entry through the compound wall and removed cash and electronics from the premises while occupants were at work.,entry:compound wall,15
OFF000273,INC000272,Robbery,"Accused approached the victim near a bus stop, threatened them with a iron rod, and fled with jewellery on a bicycle.",weapon:iron rod,45
OFF000274,INC000273,Robbery,"Accused approached the victim near a railway station, threatened them with a iron rod, and fled with two mobile phones on a bicycle.",weapon:iron rod,45
OFF000275,INC000274,Cheating,"Accused posed as a government officer and convinced the victim to transfer funds via phone banking, then became unreachable.",channel:phone banking,20
OFF000276,INC000275,Cheating,"Accused posed as a government officer and convinced the victim to transfer funds via phone banking, then became unreachable.",channel:phone banking,20
OFF000277,INC000276,Hurt / Grievous Hurt,"Accused engaged in an altercation with the victim near a railway station over a property boundary, causing injury with a knife.",weapon:knife,35
OFF000278,INC000277,Hurt / Grievous Hurt,"Accused engaged in an altercation with the victim near a railway station over a road-rage incident, causing injury with a knife.",weapon:knife,35
OFF000279,INC000278,Hurt / Grievous Hurt,"Accused engaged in an altercation with the victim near a railway station over a family matter, causing injury with a knife.",weapon:knife,35
OFF000280,INC000279,Hurt / Grievous Hurt,"Accused engaged in an altercation with the victim near a residential lane over a family matter, causing injury with a knife.",weapon:knife,35
OFF000281,INC000280,Hurt / Grievous Hurt,"Accused engaged in an altercation with the victim near a market area over a family matter, causing injury with a knife.",weapon:knife,35
OFF000282,INC000281,Theft,Accused was seen loitering near a railway station before removing two mobile phones and fleeing on a bicycle.,vehicle:bicycle,8
OFF000283,INC000282,Theft,Accused was seen loitering near a parking lot before removing cash and electronics and fleeing on a bicycle.,vehicle:bicycle,8
OFF000284,INC000283,Theft,Accused was seen loitering near a residential lane before removing cash and electronics and fleeing on a bicycle.,vehicle:bicycle,8
OFF000285,INC000284,Cheating,"Accused posed as a delivery agent and convinced the victim to transfer funds via phone banking, then became unreachable.",channel:phone banking,20
OFF000286,INC000285,Cheating,"Accused posed as a bank official and convinced the victim to transfer funds via phone banking, then became unreachable.",channel:phone banking,20
OFF000287,INC000286,Cheating,"Accused posed as a bank official and convinced the victim to transfer funds via phone banking, then became unreachable.",channel:phone banking,20
OFF000288,INC000287,Cheating,"Accused posed as a insurance agent and convinced the victim to transfer funds via phone banking, then became unreachable.",channel:phone banking,20
OFF000289,INC000288,Cheating,"Accused posed as a bank official and convinced the victim to transfer funds via phone banking, then became unreachable.",channel:phone banking,20
OFF000290,INC000289,Cheating,"Accused posed as a bank official and convinced the victim to transfer funds via a fraudulent link, then became unreachable.",channel:a fraudulent link,20
OFF000291,INC000290,Cheating,"Accused posed as a insurance agent and convinced the victim to transfer funds via a fraudulent link, then became unreachable.",channel:a fraudulent link,20
OFF000292,INC000291,Theft,Accused was seen loitering near a parking lot before removing two mobile phones and fleeing on a bicycle.,vehicle:bicycle,8
OFF000293,INC000292,Theft,Accused was seen loitering near a parking lot before removing jewellery and fleeing on a bicycle.,vehicle:bicycle,8
OFF000294,INC000293,Burglary,Accused gained entry through the kitchen ventilator and removed cash and electronics from the premises while occupants were at work.,entry:kitchen ventilator,15
OFF000295,INC000294,Burglary,Accused gained entry through the kitchen ventilator and removed jewellery from the premises while occupants were away.,entry:kitchen ventilator,15
OFF000296,INC000295,Burglary,Accused gained entry through the terrace access and removed a bag of valuables from the premises while occupants were away.,entry:terrace access,15
OFF000297,INC000296,Burglary,Accused gained entry through the terrace access and removed jewellery from the premises while occupants were at work.,entry:terrace access,15
OFF000298,INC000297,Burglary,Accused gained entry through the terrace access and removed a bag of valuables from the premises while occupants were asleep.,entry:terrace access,15
OFF000299,INC000298,Burglary,Accused gained entry through the terrace access and removed a bag of valuables from the premises while occupants were asleep.,entry:terrace access,15
OFF000300,INC000299,Burglary,Accused gained entry through the terrace access and removed two mobile phones from the premises while occupants were at work.,entry:terrace access,15
OFF000301,INC000300,Burglary,Accused gained entry through the kitchen ventilator and removed a bag of valuables from the premises while occupants were away.,entry:kitchen ventilator,15
OFF000302,INC000301,Burglary,Accused gained entry through the kitchen ventilator and removed two mobile phones from the premises while occupants were away.,entry:kitchen ventilator,15
OFF000303,INC000302,Burglary,Accused gained entry through the compound wall and removed jewellery from the premises while occupants were at work.,entry:compound wall,15
OFF000304,INC000303,Burglary,Accused gained entry through the compound wall and removed cash and electronics from the premises while occupants were away.,entry:compound wall,15
OFF000305,INC000304,Hurt / Grievous Hurt,"Accused engaged in an altercation with the victim near a residential lane over a family matter, causing injury with a sharp weapon.",weapon:sharp weapon,35
OFF000306,INC000305,Hurt / Grievous Hurt,"Accused engaged in an altercation with the victim near a bus stop over a family matter, causing injury with a sharp weapon.",weapon:sharp weapon,35
OFF000307,INC000306,Cheating,"Accused posed as a delivery agent and convinced the victim to transfer funds via a fraudulent link, then became unreachable.",channel:a fraudulent link,20
OFF000308,INC000307,Cheating,"Accused posed as a government officer and convinced the victim to transfer funds via a fraudulent link, then became unreachable.",channel:a fraudulent link,20
OFF000309,INC000308,Theft,Accused was seen loitering near a bus stop before removing a bag of valuables and fleeing on a on foot.,vehicle:on foot,8
OFF000310,INC000309,Theft,Accused was seen loitering near a parking lot before removing a laptop and fleeing on a on foot.,vehicle:on foot,8
OFF000311,INC000310,Theft,Accused was seen loitering near a railway station before removing a bag of valuables and fleeing on a on foot.,vehicle:on foot,8
OFF000312,INC000311,Theft,Accused was seen loitering near a residential lane before removing jewellery and fleeing on a on foot.,vehicle:on foot,8
OFF000313,INC000312,Theft,Accused was seen loitering near a bus stop before removing two mobile phones and fleeing on a on foot.,vehicle:on foot,8
OFF000314,INC000313,Theft,Accused was seen loitering near a market area before removing jewellery and fleeing on a on foot.,vehicle:on foot,8
OFF000315,INC000314,Robbery,"Accused approached the victim near a parking lot, threatened them with a iron rod, and fled with two mobile phones on a bicycle.",weapon:iron rod,45
OFF000316,INC000315,Robbery,"Accused approached the victim near a market area, threatened them with a iron rod, and fled with two mobile phones on a bicycle.",weapon:iron rod,45
OFF000317,INC000316,Robbery,"Accused approached the victim near a residential lane, threatened them with a iron rod, and fled with cash and electronics on a bicycle.",weapon:iron rod,45
OFF000318,INC000317,Burglary,Accused gained entry through the kitchen ventilator and removed cash and electronics from the premises while occupants were asleep.,entry:kitchen ventilator,15
OFF000319,INC000318,Burglary,Accused gained entry through the kitchen ventilator and removed a bag of valuables from the premises while occupants were at work.,entry:kitchen ventilator,15
OFF000320,INC000319,Burglary,Accused gained entry through the kitchen ventilator and removed two mobile phones from the premises while occupants were asleep.,entry:kitchen ventilator,15
OFF000321,INC000320,Burglary,Accused gained entry through the kitchen ventilator and removed a bag of valuables from the premises while occupants were away.,entry:kitchen ventilator,15
OFF000322,INC000321,Burglary,Accused gained entry through the kitchen ventilator and removed a bag of valuables from the premises while occupants were away.,entry:kitchen ventilator,15
OFF000323,INC000322,Theft,Accused was seen loitering near a market area before removing a laptop and fleeing on a two-wheeler.,vehicle:two-wheeler,8
OFF000324,INC000323,Theft,Accused was seen loitering near a railway station before removing two mobile phones and fleeing on a two-wheeler.,vehicle:two-wheeler,8
OFF000325,INC000324,Theft,Accused was seen loitering near a residential lane before removing two mobile phones and fleeing on a two-wheeler.,vehicle:two-wheeler,8
OFF000326,INC000325,Robbery,"Accused approached the victim near a bus stop, threatened them with a blunt object, and fled with a bag of valuables on a on foot.",weapon:blunt object,45
OFF000327,INC000326,Robbery,"Accused approached the victim near a residential lane, threatened them with a blunt object, and fled with jewellery on a on foot.",weapon:blunt object,45
OFF000328,INC000327,Robbery,"Accused approached the victim near a residential lane, threatened them with a sharp weapon, and fled with a laptop on a two-wheeler.",weapon:sharp weapon,45
OFF000329,INC000328,Robbery,"Accused approached the victim near a railway station, threatened them with a sharp weapon, and fled with two mobile phones on a two-wheeler.",weapon:sharp weapon,45
OFF000330,INC000329,Robbery,"Accused approached the victim near a residential lane, threatened them with a sharp weapon, and fled with two mobile phones on a two-wheeler.",weapon:sharp weapon,45
OFF000331,INC000330,Theft,Accused was seen loitering near a market area before removing cash and electronics and fleeing on a two-wheeler.,vehicle:two-wheeler,8
OFF000332,INC000331,Theft,Accused was seen loitering near a residential lane before removing cash and electronics and fleeing on a two-wheeler.,vehicle:two-wheeler,8
OFF000333,INC000332,Burglary,Accused gained entry through the compound wall and removed two mobile phones from the premises while occupants were at work.,entry:compound wall,15
OFF000334,INC000333,Burglary,Accused gained entry through the compound wall and removed a laptop from the premises while occupants were away.,entry:compound wall,15
OFF000335,INC000334,Burglary,Accused gained entry through the compound wall and removed a laptop from the premises while occupants were asleep.,entry:compound wall,15
OFF000336,INC000335,Burglary,Accused gained entry through the compound wall and removed cash and electronics from the premises while occupants were away.,entry:compound wall,15
OFF000337,INC000336,Robbery,"Accused approached the victim near a railway station, threatened them with a blunt object, and fled with a laptop on a two-wheeler.",weapon:blunt object,45
OFF000338,INC000337,Robbery,"Accused approached the victim near a parking lot, threatened them with a blunt object, and fled with two mobile phones on a two-wheeler.",weapon:blunt object,45
OFF000339,INC000338,Robbery,"Accused approached the victim near a residential lane, threatened them with a blunt object, and fled with a laptop on a two-wheeler.",weapon:blunt object,45
OFF000340,INC000339,Cheating,"Accused posed as a insurance agent and convinced the victim to transfer funds via a fraudulent link, then became unreachable.",channel:a fraudulent link,20
OFF000341,INC000340,Cheating,"Accused posed as a insurance agent and convinced the victim to transfer funds via a fraudulent link, then became unreachable.",channel:a fraudulent link,20
OFF000342,INC000341,Cheating,"Accused posed as a bank official and convinced the victim to transfer funds via phone banking, then became unreachable.",channel:phone banking,20
OFF000343,INC000342,Cheating,"Accused posed as a bank official and convinced the victim to transfer funds via phone banking, then became unreachable.",channel:phone banking,20
OFF000344,INC000343,Cheating,"Accused posed as a delivery agent and convinced the victim to transfer funds via phone banking, then became unreachable.",channel:phone banking,20
OFF000345,INC000344,Cheating,"Accused posed as a insurance agent and convinced the victim to transfer funds via phone banking, then became unreachable.",channel:phone banking,20
OFF000346,INC000345,Hurt / Grievous Hurt,"Accused engaged in an altercation with the victim near a market area over an old debt, causing injury with a knife.",weapon:knife,35
OFF000347,INC000346,Hurt / Grievous Hurt,"Accused engaged in an altercation with the victim near a residential lane over a road-rage incident, causing injury with a knife.",weapon:knife,35
OFF000348,INC000347,Hurt / Grievous Hurt,"Accused engaged in an altercation with the victim near a residential lane over a road-rage incident, causing injury with a knife.",weapon:knife,35
OFF000349,INC000348,Hurt / Grievous Hurt,"Accused engaged in an altercation with the victim near a parking lot over a property boundary, causing injury with a knife.",weapon:knife,35
OFF000350,INC000349,Hurt / Grievous Hurt,"Accused engaged in an altercation with the victim near a residential lane over a road-rage incident, causing injury with a knife.",weapon:knife,35
OFF000351,INC000350,Burglary,Accused gained entry through the compound wall and removed cash and electronics from the premises while occupants were asleep.,entry:compound wall,15
OFF000352,INC000351,Burglary,Accused gained entry through the compound wall and removed a laptop from the premises while occupants were away.,entry:compound wall,15
OFF000353,INC000352,Burglary,Accused gained entry through the compound wall and removed a laptop from the premises while occupants were away.,entry:compound wall,15
OFF000354,INC000353,Burglary,Accused gained entry through the compound wall and removed two mobile phones from the premises while occupants were asleep.,entry:compound wall,15
OFF000355,INC000354,Burglary,Accused gained entry through the compound wall and removed cash and electronics from the premises while occupants were at work.,entry:compound wall,15
OFF000356,INC000355,Burglary,Accused gained entry through the compound wall and removed cash and electronics from the premises while occupants were away.,entry:compound wall,15
OFF000357,INC000356,Hurt / Grievous Hurt,"Accused engaged in an altercation with the victim near a market area over a family matter, causing injury with a knife.",weapon:knife,35
OFF000358,INC000357,Hurt / Grievous Hurt,"Accused engaged in an altercation with the victim near a bus stop over a property boundary, causing injury with a knife.",weapon:knife,35
OFF000359,INC000358,Hurt / Grievous Hurt,"Accused engaged in an altercation with the victim near a railway station over a road-rage incident, causing injury with a knife.",weapon:knife,35
OFF000360,INC000359,Robbery,"Accused approached the victim near a bus stop, threatened them with a iron rod, and fled with a laptop on a two-wheeler.",weapon:iron rod,45
OFF000361,INC000360,Robbery,"Accused approached the victim near a railway station, threatened them with a iron rod, and fled with a bag of valuables on a two-wheeler.",weapon:iron rod,45
OFF000362,INC000361,Robbery,"Accused approached the victim near a market area, threatened them with a iron rod, and fled with a bag of valuables on a two-wheeler.",weapon:iron rod,45
OFF000363,INC000362,Theft,Accused was seen loitering near a parking lot before removing a laptop and fleeing on a auto-rickshaw.,vehicle:auto-rickshaw,8
OFF000364,INC000363,Theft,Accused was seen loitering near a market area before removing jewellery and fleeing on a auto-rickshaw.,vehicle:auto-rickshaw,8
OFF000365,INC000364,Theft,Accused was seen loitering near a bus stop before removing a laptop and fleeing on a auto-rickshaw.,vehicle:auto-rickshaw,8
OFF000366,INC000365,Cheating,"Accused posed as a insurance agent and convinced the victim to transfer funds via phone banking, then became unreachable.",channel:phone banking,20
OFF000367,INC000366,Cheating,"Accused posed as a bank official and convinced the victim to transfer funds via phone banking, then became unreachable.",channel:phone banking,20
OFF000368,INC000367,Cheating,"Accused posed as a bank official and convinced the victim to transfer funds via phone banking, then became unreachable.",channel:phone banking,20
OFF000369,INC000368,Cheating,"Accused posed as a delivery agent and convinced the victim to transfer funds via a fake QR code, then became unreachable.",channel:a fake QR code,20
OFF000370,INC000369,Cheating,"Accused posed as a delivery agent and convinced the victim to transfer funds via a fake QR code, then became unreachable.",channel:a fake QR code,20
OFF000371,INC000370,Cheating,"Accused posed as a bank official and convinced the victim to transfer funds via a fake QR code, then became unreachable.",channel:a fake QR code,20
OFF000372,INC000371,Cheating,"Accused posed as a bank official and convinced the victim to transfer funds via a fake QR code, then became unreachable.",channel:a fake QR code,20
OFF000373,INC000372,Cheating,"Accused posed as a bank official and convinced the victim to transfer funds via a fake QR code, then became unreachable.",channel:a fake QR code,20
OFF000374,INC000373,Cheating,"Accused posed as a bank official and convinced the victim to transfer funds via a fake QR code, then became unreachable.",channel:a fake QR code,20
OFF000375,INC000374,Cheating,"Accused posed as a delivery agent and convinced the victim to transfer funds via a fake QR code, then became unreachable.",channel:a fake QR code,20
OFF000376,INC000375,Cheating,"Accused posed as a delivery agent and convinced the victim to transfer funds via a fake QR code, then became unreachable.",channel:a fake QR code,20
OFF000377,INC000376,Cheating,"Accused posed as a bank official and convinced the victim to transfer funds via a fake QR code, then became unreachable.",channel:a fake QR code,20
OFF000378,INC000377,Cheating,"Accused posed as a delivery agent and convinced the victim to transfer funds via a fake QR code, then became unreachable.",channel:a fake QR code,20
OFF000379,INC000378,Cheating,"Accused posed as a government officer and convinced the victim to transfer funds via a fake QR code, then became unreachable.",channel:a fake QR code,20
OFF000380,INC000379,Cheating,"Accused posed as a government officer and convinced the victim to transfer funds via a fake QR code, then became unreachable.",channel:a fake QR code,20
OFF000381,INC000380,Cheating,"Accused posed as a bank official and convinced the victim to transfer funds via a fake QR code, then became unreachable.",channel:a fake QR code,20
OFF000382,INC000381,Cheating,"Accused posed as a insurance agent and convinced the victim to transfer funds via a fake QR code, then became unreachable.",channel:a fake QR code,20
OFF000383,INC000382,Cheating,"Accused posed as a government officer and convinced the victim to transfer funds via a fake QR code, then became unreachable.",channel:a fake QR code,20
OFF000384,INC000383,Cheating,"Accused posed as a bank official and convinced the victim to transfer funds via a fake QR code, then became unreachable.",channel:a fake QR code,20
OFF000385,INC000384,Cheating,"Accused posed as a government officer and convinced the victim to transfer funds via a fake QR code, then became unreachable.",channel:a fake QR code,20
OFF000386,INC000385,Robbery,"Accused approached the victim near a railway station, threatened them with a iron rod, and fled with a laptop on a bicycle.",weapon:iron rod,45
OFF000387,INC000386,Robbery,"Accused approached the victim near a parking lot, threatened them with a iron rod, and fled with cash and electronics on a bicycle.",weapon:iron rod,45
OFF000388,INC000387,Robbery,"Accused approached the victim near a railway station, threatened them with a iron rod, and fled with a bag of valuables on a bicycle.",weapon:iron rod,45
OFF000389,INC000388,Robbery,"Accused approached the victim near a parking lot, threatened them with a iron rod, and fled with a laptop on a bicycle.",weapon:iron rod,45
OFF000390,INC000389,Robbery,"Accused approached the victim near a market area, threatened them with a iron rod, and fled with a laptop on a bicycle.",weapon:iron rod,45
OFF000391,INC000390,Burglary,Accused gained entry through the unlocked back door and removed jewellery from the premises while occupants were away.,entry:unlocked back door,15
OFF000392,INC000391,Burglary,Accused gained entry through the unlocked back door and removed cash and electronics from the premises while occupants were at work.,entry:unlocked back door,15
OFF000393,INC000392,Burglary,Accused gained entry through the unlocked back door and removed a laptop from the premises while occupants were away.,entry:unlocked back door,15
OFF000394,INC000393,Burglary,Accused gained entry through the unlocked back door and removed cash and electronics from the premises while occupants were away.,entry:unlocked back door,15
OFF000395,INC000394,Burglary,Accused gained entry through the unlocked back door and removed jewellery from the premises while occupants were asleep.,entry:unlocked back door,15
OFF000396,INC000395,Theft,Accused was seen loitering near a bus stop before removing a bag of valuables and fleeing on a on foot.,vehicle:on foot,8
OFF000397,INC000396,Theft,Accused was seen loitering near a parking lot before removing cash and electronics and fleeing on a on foot.,vehicle:on foot,8
OFF000398,INC000397,Theft,Accused was seen loitering near a market area before removing jewellery and fleeing on a on foot.,vehicle:on foot,8
OFF000399,INC000398,Theft,Accused was seen loitering near a market area before removing jewellery and fleeing on a on foot.,vehicle:on foot,8
OFF000400,INC000399,Theft,Accused was seen loitering near a bus stop before removing a laptop and fleeing on a on foot.,vehicle:on foot,8
OFF000401,INC000400,Robbery,"Accused approached the victim near a parking lot, threatened them with a knife, and fled with two mobile phones on a bicycle.",weapon:knife,45
OFF000402,INC000401,Robbery,"Accused approached the victim near a railway station, threatened them with a knife, and fled with two mobile phones on a bicycle.",weapon:knife,45
OFF000403,INC000402,Robbery,"Accused approached the victim near a parking lot, threatened them with a knife, and fled with cash and electronics on a bicycle.",weapon:knife,45
OFF000404,INC000403,Robbery,"Accused approached the victim near a bus stop, threatened them with a knife, and fled with a bag of valuables on a bicycle.",weapon:knife,45
OFF000405,INC000404,Robbery,"Accused approached the victim near a parking lot, threatened them with a knife, and fled with a bag of valuables on a bicycle.",weapon:knife,45
OFF000406,INC000405,Theft,Accused was seen loitering near a parking lot before removing cash and electronics and fleeing on a auto-rickshaw.,vehicle:auto-rickshaw,8
OFF000407,INC000406,Theft,Accused was seen loitering near a parking lot before removing cash and electronics and fleeing on a auto-rickshaw.,vehicle:auto-rickshaw,8
OFF000408,INC000407,Theft,Accused was seen loitering near a railway station before removing a bag of valuables and fleeing on a auto-rickshaw.,vehicle:auto-rickshaw,8
OFF000409,INC000408,Theft,Accused was seen loitering near a bus stop before removing a bag of valuables and fleeing on a auto-rickshaw.,vehicle:auto-rickshaw,8
OFF000410,INC000409,Theft,Accused was seen loitering near a railway station before removing two mobile phones and fleeing on a bicycle.,vehicle:bicycle,8
OFF000411,INC000410,Theft,Accused was seen loitering near a residential lane before removing cash and electronics and fleeing on a bicycle.,vehicle:bicycle,8
OFF000412,INC000411,Theft,Accused was seen loitering near a bus stop before removing two mobile phones and fleeing on a bicycle.,vehicle:bicycle,8
OFF000413,INC000412,Cheating,"Accused posed as a delivery agent and convinced the victim to transfer funds via UPI, then became unreachable.",channel:UPI,20
OFF000414,INC000413,Cheating,"Accused posed as a bank official and convinced the victim to transfer funds via UPI, then became unreachable.",channel:UPI,20
OFF000415,INC000414,Cheating,"Accused posed as a delivery agent and convinced the victim to transfer funds via a fake QR code, then became unreachable.",channel:a fake QR code,20
OFF000416,INC000415,Cheating,"Accused posed as a government officer and convinced the victim to transfer funds via a fake QR code, then became unreachable.",channel:a fake QR code,20
OFF000417,INC000416,Cheating,"Accused posed as a government officer and convinced the victim to transfer funds via a fake QR code, then became unreachable.",channel:a fake QR code,20
OFF000418,INC000417,Cheating,"Accused posed as a bank official and convinced the victim to transfer funds via a fraudulent link, then became unreachable.",channel:a fraudulent link,20
OFF000419,INC000418,Cheating,"Accused posed as a delivery agent and convinced the victim to transfer funds via a fraudulent link, then became unreachable.",channel:a fraudulent link,20
OFF000420,INC000419,Cheating,"Accused posed as a bank official and convinced the victim to transfer funds via a fraudulent link, then became unreachable.",channel:a fraudulent link,20
OFF000421,INC000420,Robbery,"Accused approached the victim near a bus stop, threatened them with a iron rod, and fled with cash and electronics on a two-wheeler.",weapon:iron rod,45
OFF000422,INC000421,Robbery,"Accused approached the victim near a bus stop, threatened them with a iron rod, and fled with a laptop on a two-wheeler.",weapon:iron rod,45
OFF000423,INC000422,Cheating,"Accused posed as a insurance agent and convinced the victim to transfer funds via UPI, then became unreachable.",channel:UPI,20
OFF000424,INC000423,Cheating,"Accused posed as a delivery agent and convinced the victim to transfer funds via UPI, then became unreachable.",channel:UPI,20
OFF000425,INC000424,Cheating,"Accused posed as a insurance agent and convinced the victim to transfer funds via UPI, then became unreachable.",channel:UPI,20
OFF000426,INC000425,Cheating,"Accused posed as a delivery agent and convinced the victim to transfer funds via UPI, then became unreachable.",channel:UPI,20
OFF000427,INC000426,Cheating,"Accused posed as a government officer and convinced the victim to transfer funds via UPI, then became unreachable.",channel:UPI,20
OFF000428,INC000427,Hurt / Grievous Hurt,"Accused engaged in an altercation with the victim near a bus stop over a road-rage incident, causing injury with a blunt object.",weapon:blunt object,35
OFF000429,INC000428,Hurt / Grievous Hurt,"Accused engaged in an altercation with the victim near a railway station over a family matter, causing injury with a blunt object.",weapon:blunt object,35
OFF000430,INC000429,Hurt / Grievous Hurt,"Accused engaged in an altercation with the victim near a market area over a family matter, causing injury with a blunt object.",weapon:blunt object,35
OFF000431,INC000430,Hurt / Grievous Hurt,"Accused engaged in an altercation with the victim near a bus stop over a property boundary, causing injury with a blunt object.",weapon:blunt object,35
OFF000432,INC000431,Hurt / Grievous Hurt,"Accused engaged in an altercation with the victim near a residential lane over a property boundary, causing injury with a blunt object.",weapon:blunt object,35
OFF000433,INC000432,Cheating,"Accused posed as a delivery agent and convinced the victim to transfer funds via UPI, then became unreachable.",channel:UPI,20
OFF000434,INC000433,Cheating,"Accused posed as a bank official and convinced the victim to transfer funds via UPI, then became unreachable.",channel:UPI,20
OFF000435,INC000434,Cheating,"Accused posed as a bank official and convinced the victim to transfer funds via UPI, then became unreachable.",channel:UPI,20
OFF000436,INC000435,Cheating,"Accused posed as a government officer and convinced the victim to transfer funds via UPI, then became unreachable.",channel:UPI,20
OFF000437,INC000436,Cheating,"Accused posed as a insurance agent and convinced the victim to transfer funds via UPI, then became unreachable.",channel:UPI,20
OFF000438,INC000437,Theft,Accused was seen loitering near a bus stop before removing a bag of valuables and fleeing on a on foot.,vehicle:on foot,8
OFF000439,INC000438,Theft,Accused was seen loitering near a parking lot before removing cash and electronics and fleeing on a on foot.,vehicle:on foot,8
OFF000440,INC000439,Theft,Accused was seen loitering near a railway station before removing cash and electronics and fleeing on a on foot.,vehicle:on foot,8
OFF000441,INC000440,Theft,Accused was seen loitering near a parking lot before removing two mobile phones and fleeing on a on foot.,vehicle:on foot,8
OFF000442,INC000441,Theft,Accused was seen loitering near a parking lot before removing a bag of valuables and fleeing on a on foot.,vehicle:on foot,8
OFF000443,INC000442,Hurt / Grievous Hurt,"Accused engaged in an altercation with the victim near a residential lane over a road-rage incident, causing injury with a sharp weapon.",weapon:sharp weapon,35
OFF000444,INC000443,Hurt / Grievous Hurt,"Accused engaged in an altercation with the victim near a parking lot over an old debt, causing injury with a sharp weapon.",weapon:sharp weapon,35
OFF000445,INC000444,Hurt / Grievous Hurt,"Accused engaged in an altercation with the victim near a parking lot over a family matter, causing injury with a sharp weapon.",weapon:sharp weapon,35
OFF000446,INC000445,Hurt / Grievous Hurt,"Accused engaged in an altercation with the victim near a market area over a family matter, causing injury with a sharp weapon.",weapon:sharp weapon,35
OFF000447,INC000446,Hurt / Grievous Hurt,"Accused engaged in an altercation with the victim near a market area over a road-rage incident, causing injury with a sharp weapon.",weapon:sharp weapon,35
OFF000448,INC000447,Cheating,"Accused posed as a insurance agent and convinced the victim to transfer funds via UPI, then became unreachable.",channel:UPI,20
OFF000449,INC000448,Cheating,"Accused posed as a insurance agent and convinced the victim to transfer funds via UPI, then became unreachable.",channel:UPI,20
OFF000450,INC000449,Cheating,"Accused posed as a bank official and convinced the victim to transfer funds via UPI, then became unreachable.",channel:UPI,20
OFF000451,INC000450,Cheating,"Accused posed as a bank official and convinced the victim to transfer funds via UPI, then became unreachable.",channel:UPI,20
OFF000452,INC000451,Theft,Accused was seen loitering near a residential lane before removing cash and electronics and fleeing on a bicycle.,vehicle:bicycle,8
OFF000453,INC000452,Theft,Accused was seen loitering near a market area before removing two mobile phones and fleeing on a bicycle.,vehicle:bicycle,8
OFF000454,INC000453,Robbery,"Accused approached the victim near a parking lot, threatened them with a iron rod, and fled with cash and electronics on a auto-rickshaw.",weapon:iron rod,45
OFF000455,INC000454,Robbery,"Accused approached the victim near a market area, threatened them with a iron rod, and fled with jewellery on a auto-rickshaw.",weapon:iron rod,45
OFF000456,INC000455,Robbery,"Accused approached the victim near a bus stop, threatened them with a iron rod, and fled with cash and electronics on a auto-rickshaw.",weapon:iron rod,45
OFF000457,INC000456,Rape,Offense recorded under Rape.,none,85
OFF000458,INC000457,Hurt / Grievous Hurt,"Accused engaged in an altercation with the victim near a residential lane over an old debt, causing injury with a blunt object.",none,35
OFF000459,INC000458,Cheating,"Accused posed as a insurance agent and convinced the victim to transfer funds via a fake QR code, then became unreachable.",none,20
OFF000460,INC000459,Riots,Offense recorded under Riots.,none,20
OFF000461,INC000460,Kidnapping and Abduction,Offense recorded under Kidnapping and Abduction.,none,55
OFF000462,INC000461,Theft,Accused was seen loitering near a residential lane before removing jewellery and fleeing on a bicycle.,none,8
OFF000463,INC000462,Rape,Offense recorded under Rape.,none,85
OFF000464,INC000463,Riots,Offense recorded under Riots.,none,20
OFF000465,INC000464,Hurt / Grievous Hurt,"Accused engaged in an altercation with the victim near a residential lane over a road-rage incident, causing injury with a blunt object.",none,35
OFF000466,INC000465,Theft,Accused was seen loitering near a parking lot before removing a laptop and fleeing on a two-wheeler.,none,8
OFF000467,INC000466,Rape,Offense recorded under Rape.,none,85
OFF000468,INC000467,Theft,Accused was seen loitering near a parking lot before removing a laptop and fleeing on a on foot.,none,8
OFF000469,INC000468,Kidnapping and Abduction,Offense recorded under Kidnapping and Abduction.,none,55
OFF000470,INC000469,Burglary,Accused gained entry through the terrace access and removed jewellery from the premises while occupants were at work.,none,15
OFF000471,INC000470,Kidnapping and Abduction,Offense recorded under Kidnapping and Abduction.,none,55
OFF000472,INC000471,Cheating,"Accused posed as a insurance agent and convinced the victim to transfer funds via a fraudulent link, then became unreachable.",none,20
OFF000473,INC000472,Theft,Accused was seen loitering near a parking lot before removing a laptop and fleeing on a on foot.,none,8
OFF000474,INC000473,Theft,Accused was seen loitering near a market area before removing jewellery and fleeing on a on foot.,none,8
OFF000475,INC000474,Theft,Accused was seen loitering near a railway station before removing jewellery and fleeing on a bicycle.,none,8
OFF000476,INC000475,Theft,Accused was seen loitering near a residential lane before removing jewellery and fleeing on a auto-rickshaw.,none,8
OFF000477,INC000476,Theft,Accused was seen loitering near a parking lot before removing jewellery and fleeing on a on foot.,none,8
OFF000478,INC000477,Theft,Accused was seen loitering near a market area before removing cash and electronics and fleeing on a bicycle.,none,8
OFF000479,INC000478,Rape,Offense recorded under Rape.,none,85
OFF000480,INC000479,Cheating,"Accused posed as a insurance agent and convinced the victim to transfer funds via phone banking, then became unreachable.",none,20
OFF000481,INC000480,Theft,Accused was seen loitering near a bus stop before removing two mobile phones and fleeing on a on foot.,none,8
OFF000482,INC000481,Theft,Accused was seen loitering near a market area before removing cash and electronics and fleeing on a bicycle.,none,8
OFF000483,INC000482,Theft,Accused was seen loitering near a railway station before removing jewellery and fleeing on a on foot.,none,8
OFF000484,INC000483,Attempt to Murder,Offense recorded under Attempt to Murder.,none,70
OFF000485,INC000484,Theft,Accused was seen loitering near a market area before removing cash and electronics and fleeing on a bicycle.,none,8
OFF000486,INC000485,Theft,Accused was seen loitering near a bus stop before removing a bag of valuables and fleeing on a two-wheeler.,none,8
OFF000487,INC000486,Theft,Accused was seen loitering near a railway station before removing two mobile phones and fleeing on a two-wheeler.,none,8
OFF000488,INC000487,Theft,Accused was seen loitering near a parking lot before removing jewellery and fleeing on a bicycle.,none,8
OFF000489,INC000488,Kidnapping and Abduction,Offense recorded under Kidnapping and Abduction.,none,55
OFF000490,INC000489,Burglary,Accused gained entry through the terrace access and removed a laptop from the premises while occupants were away.,none,15
OFF000491,INC000490,Theft,Accused was seen loitering near a railway station before removing a bag of valuables and fleeing on a auto-rickshaw.,none,8
OFF000492,INC000491,Cheating,"Accused posed as a delivery agent and convinced the victim to transfer funds via UPI, then became unreachable.",none,20
OFF000493,INC000492,Hurt / Grievous Hurt,"Accused engaged in an altercation with the victim near a parking lot over an old debt, causing injury with a sharp weapon.",none,35
OFF000494,INC000493,Murder,Offense recorded under Murder.,none,100
OFF000495,INC000494,Cheating,"Accused posed as a government officer and convinced the victim to transfer funds via a fake QR code, then became unreachable.",none,20
OFF000496,INC000495,Cheating,"Accused posed as a insurance agent and convinced the victim to transfer funds via a fake QR code, then became unreachable.",none,20
OFF000497,INC000496,Criminal Breach of Trust,Offense recorded under Criminal Breach of Trust.,none,25
OFF000498,INC000497,Kidnapping and Abduction,Offense recorded under Kidnapping and Abduction.,none,55
OFF000499,INC000498,Cheating,"Accused posed as a delivery agent and convinced the victim to transfer funds via UPI, then became unreachable.",none,20
OFF000500,INC000499,Cheating,"Accused posed as a bank official and convinced the victim to transfer funds via phone banking, then became unreachable.",none,20
OFF000501,INC000500,Kidnapping and Abduction,Offense recorded under Kidnapping and Abduction.,none,55
OFF000502,INC000501,Theft,Accused was seen loitering near a bus stop before removing a bag of valuables and fleeing on a two-wheeler.,none,8
OFF000503,INC000502,Theft,Accused was seen loitering near a bus stop before removing two mobile phones and fleeing on a auto-rickshaw.,none,8
OFF000504,INC000503,Theft,Accused was seen loitering near a railway station before removing cash and electronics and fleeing on a on foot.,none,8
OFF000505,INC000504,Kidnapping and Abduction,Offense recorded under Kidnapping and Abduction.,none,55
OFF000506,INC000505,Theft,Accused was seen loitering near a parking lot before removing cash and electronics and fleeing on a bicycle.,none,8
OFF000507,INC000506,Kidnapping and Abduction,Offense recorded under Kidnapping and Abduction.,none,55
OFF000508,INC000507,Burglary,Accused gained entry through the kitchen ventilator and removed two mobile phones from the premises while occupants were at work.,none,15
OFF000509,INC000508,Rape,Offense recorded under Rape.,none,85
OFF000510,INC000509,Theft,Accused was seen loitering near a market area before removing a laptop and fleeing on a two-wheeler.,none,8
OFF000511,INC000510,Burglary,Accused gained entry through the kitchen ventilator and removed jewellery from the premises while occupants were away.,none,15
OFF000512,INC000511,Burglary,Accused gained entry through the unlocked back door and removed cash and electronics from the premises while occupants were at work.,none,15
OFF000513,INC000512,Theft,Accused was seen loitering near a market area before removing cash and electronics and fleeing on a auto-rickshaw.,none,8
OFF000514,INC000513,Hurt / Grievous Hurt,"Accused engaged in an altercation with the victim near a railway station over a road-rage incident, causing injury with a sharp weapon.",none,35
OFF000515,INC000514,Theft,Accused was seen loitering near a parking lot before removing a laptop and fleeing on a bicycle.,none,8
OFF000516,INC000515,Burglary,Accused gained entry through the kitchen ventilator and removed two mobile phones from the premises while occupants were away.,none,15
OFF000517,INC000516,Theft,Accused was seen loitering near a railway station before removing a laptop and fleeing on a two-wheeler.,none,8
OFF000518,INC000517,Theft,Accused was seen loitering near a residential lane before removing jewellery and fleeing on a on foot.,none,8
OFF000519,INC000518,Theft,Accused was seen loitering near a residential lane before removing cash and electronics and fleeing on a two-wheeler.,none,8
OFF000520,INC000519,Cheating,"Accused posed as a government officer and convinced the victim to transfer funds via a fake QR code, then became unreachable.",none,20
OFF000521,INC000520,Riots,Offense recorded under Riots.,none,20
OFF000522,INC000521,Criminal Breach of Trust,Offense recorded under Criminal Breach of Trust.,none,25
OFF000523,INC000522,Theft,Accused was seen loitering near a railway station before removing a laptop and fleeing on a on foot.,none,8
OFF000524,INC000523,Cheating,"Accused posed as a government officer and convinced the victim to transfer funds via phone banking, then became unreachable.",none,20
OFF000525,INC000524,Riots,Offense recorded under Riots.,none,20
OFF000526,INC000525,Cheating,"Accused posed as a insurance agent and convinced the victim to transfer funds via phone banking, then became unreachable.",none,20
OFF000527,INC000526,Riots,Offense recorded under Riots.,none,20
OFF000528,INC000527,Theft,Accused was seen loitering near a market area before removing cash and electronics and fleeing on a two-wheeler.,none,8
OFF000529,INC000528,Criminal Breach of Trust,Offense recorded under Criminal Breach of Trust.,none,25
OFF000530,INC000529,Theft,Accused was seen loitering near a railway station before removing cash and electronics and fleeing on a on foot.,none,8
OFF000531,INC000530,Cheating,"Accused posed as a insurance agent and convinced the victim to transfer funds via a fraudulent link, then became unreachable.",none,20
OFF000532,INC000531,Hurt / Grievous Hurt,"Accused engaged in an altercation with the victim near a parking lot over a road-rage incident, causing injury with a blunt object.",none,35
OFF000533,INC000532,Cheating,"Accused posed as a delivery agent and convinced the victim to transfer funds via a fraudulent link, then became unreachable.",none,20
OFF000534,INC000533,Murder,Offense recorded under Murder.,none,100
OFF000535,INC000534,Hurt / Grievous Hurt,"Accused engaged in an altercation with the victim near a bus stop over an old debt, causing injury with a knife.",none,35
OFF000536,INC000535,Theft,Accused was seen loitering near a parking lot before removing two mobile phones and fleeing on a two-wheeler.,none,8
OFF000537,INC000536,Burglary,Accused gained entry through the compound wall and removed a bag of valuables from the premises while occupants were at work.,none,15
OFF000538,INC000537,Robbery,"Accused approached the victim near a railway station, threatened them with a knife, and fled with two mobile phones on a on foot.",none,45
OFF000539,INC000538,Theft,Accused was seen loitering near a bus stop before removing jewellery and fleeing on a bicycle.,none,8
OFF000540,INC000539,Cheating,"Accused posed as a government officer and convinced the victim to transfer funds via a fraudulent link, then became unreachable.",none,20
OFF000541,INC000540,Hurt / Grievous Hurt,"Accused engaged in an altercation with the victim near a market area over a family matter, causing injury with a blunt object.",none,35
OFF000542,INC000541,Kidnapping and Abduction,Offense recorded under Kidnapping and Abduction.,none,55
OFF000543,INC000542,Cheating,"Accused posed as a delivery agent and convinced the victim to transfer funds via UPI, then became unreachable.",none,20
OFF000544,INC000543,Theft,Accused was seen loitering near a residential lane before removing a laptop and fleeing on a auto-rickshaw.,none,8
OFF000545,INC000544,Cheating,"Accused posed as a government officer and convinced the victim to transfer funds via UPI, then became unreachable.",none,20
OFF000546,INC000545,Theft,Accused was seen loitering near a bus stop before removing two mobile phones and fleeing on a auto-rickshaw.,none,8
OFF000547,INC000546,Theft,Accused was seen loitering near a parking lot before removing two mobile phones and fleeing on a on foot.,none,8
OFF000548,INC000547,Cheating,"Accused posed as a bank official and convinced the victim to transfer funds via UPI, then became unreachable.",none,20
OFF000549,INC000548,Cheating,"Accused posed as a government officer and convinced the victim to transfer funds via a fraudulent link, then became unreachable.",none,20
OFF000550,INC000549,Cheating,"Accused posed as a insurance agent and convinced the victim to transfer funds via a fake QR code, then became unreachable.",none,20
OFF000551,INC000550,Theft,Accused was seen loitering near a residential lane before removing jewellery and fleeing on a on foot.,none,8
OFF000552,INC000551,Theft,Accused was seen loitering near a parking lot before removing two mobile phones and fleeing on a two-wheeler.,none,8
OFF000553,INC000552,Burglary,Accused gained entry through the terrace access and removed a laptop from the premises while occupants were asleep.,none,15
OFF000554,INC000553,Burglary,Accused gained entry through the kitchen ventilator and removed a laptop from the premises while occupants were away.,none,15
OFF000555,INC000554,Cheating,"Accused posed as a bank official and convinced the victim to transfer funds via UPI, then became unreachable.",none,20
OFF000556,INC000555,Hurt / Grievous Hurt,"Accused engaged in an altercation with the victim near a parking lot over an old debt, causing injury with a blunt object.",none,35
OFF000557,INC000556,Cheating,"Accused posed as a insurance agent and convinced the victim to transfer funds via a fraudulent link, then became unreachable.",none,20
OFF000558,INC000557,Theft,Accused was seen loitering near a parking lot before removing cash and electronics and fleeing on a two-wheeler.,none,8
OFF000559,INC000558,Theft,Accused was seen loitering near a residential lane before removing a laptop and fleeing on a on foot.,none,8
OFF000560,INC000559,Kidnapping and Abduction,Offense recorded under Kidnapping and Abduction.,none,55
OFF000561,INC000560,Theft,Accused was seen loitering near a market area before removing a laptop and fleeing on a bicycle.,none,8
OFF000562,INC000561,Cheating,"Accused posed as a delivery agent and convinced the victim to transfer funds via a fraudulent link, then became unreachable.",none,20
OFF000563,INC000562,Cheating,"Accused posed as a bank official and convinced the victim to transfer funds via phone banking, then became unreachable.",none,20
OFF000564,INC000563,Rape,Offense recorded under Rape.,none,85
OFF000565,INC000564,Hurt / Grievous Hurt,"Accused engaged in an altercation with the victim near a parking lot over an old debt, causing injury with a sharp weapon.",none,35
OFF000566,INC000565,Theft,Accused was seen loitering near a residential lane before removing a laptop and fleeing on a auto-rickshaw.,none,8
OFF000567,INC000566,Cheating,"Accused posed as a government officer and convinced the victim to transfer funds via a fake QR code, then became unreachable.",none,20
OFF000568,INC000567,Theft,Accused was seen loitering near a residential lane before removing a laptop and fleeing on a bicycle.,none,8
OFF000569,INC000568,Theft,Accused was seen loitering near a parking lot before removing a bag of valuables and fleeing on a on foot.,none,8
OFF000570,INC000569,Burglary,Accused gained entry through the terrace access and removed cash and electronics from the premises while occupants were at work.,none,15
OFF000571,INC000570,Hurt / Grievous Hurt,"Accused engaged in an altercation with the victim near a parking lot over a property boundary, causing injury with a knife.",none,35
OFF000572,INC000571,Theft,Accused was seen loitering near a market area before removing jewellery and fleeing on a bicycle.,none,8
OFF000573,INC000572,Theft,Accused was seen loitering near a bus stop before removing jewellery and fleeing on a two-wheeler.,none,8
OFF000574,INC000573,Burglary,Accused gained entry through the terrace access and removed jewellery from the premises while occupants were asleep.,none,15
OFF000575,INC000574,Theft,Accused was seen loitering near a residential lane before removing a bag of valuables and fleeing on a on foot.,none,8
OFF000576,INC000575,Criminal Breach of Trust,Offense recorded under Criminal Breach of Trust.,none,25
OFF000577,INC000576,Theft,Accused was seen loitering near a market area before removing cash and electronics and fleeing on a bicycle.,none,8
OFF000578,INC000577,Theft,Accused was seen loitering near a parking lot before removing a bag of valuables and fleeing on a on foot.,none,8
OFF000579,INC000578,Theft,Accused was seen loitering near a residential lane before removing cash and electronics and fleeing on a two-wheeler.,none,8
OFF000580,INC000579,Theft,Accused was seen loitering near a bus stop before removing jewellery and fleeing on a on foot.,none,8
OFF000581,INC000580,Murder,Offense recorded under Murder.,none,100
OFF000582,INC000581,Hurt / Grievous Hurt,"Accused engaged in an altercation with the victim near a bus stop over an old debt, causing injury with a sharp weapon.",none,35
OFF000583,INC000582,Theft,Accused was seen loitering near a market area before removing a bag of valuables and fleeing on a bicycle.,none,8
OFF000584,INC000583,Cheating,"Accused posed as a delivery agent and convinced the victim to transfer funds via phone banking, then became unreachable.",none,20
OFF000585,INC000584,Criminal Breach of Trust,Offense recorded under Criminal Breach of Trust.,none,25
OFF000586,INC000585,Theft,Accused was seen loitering near a market area before removing cash and electronics and fleeing on a auto-rickshaw.,none,8
OFF000587,INC000586,Riots,Offense recorded under Riots.,none,20
OFF000588,INC000587,Theft,Accused was seen loitering near a railway station before removing jewellery and fleeing on a auto-rickshaw.,none,8
OFF000589,INC000588,Hurt / Grievous Hurt,"Accused engaged in an altercation with the victim near a railway station over an old debt, causing injury with a iron rod.",none,35
OFF000590,INC000589,Burglary,Accused gained entry through the compound wall and removed a bag of valuables from the premises while occupants were away.,none,15
OFF000591,INC000590,Kidnapping and Abduction,Offense recorded under Kidnapping and Abduction.,none,55
OFF000592,INC000591,Hurt / Grievous Hurt,"Accused engaged in an altercation with the victim near a railway station over a family matter, causing injury with a knife.",none,35
OFF000593,INC000592,Hurt / Grievous Hurt,"Accused engaged in an altercation with the victim near a residential lane over an old debt, causing injury with a sharp weapon.",none,35
OFF000594,INC000593,Burglary,Accused gained entry through the terrace access and removed jewellery from the premises while occupants were asleep.,none,15
OFF000595,INC000594,Theft,Accused was seen loitering near a residential lane before removing two mobile phones and fleeing on a on foot.,none,8
OFF000596,INC000595,Theft,Accused was seen loitering near a market area before removing two mobile phones and fleeing on a auto-rickshaw.,none,8
OFF000597,INC000596,Cheating,"Accused posed as a bank official and convinced the victim to transfer funds via UPI, then became unreachable.",none,20
OFF000598,INC000597,Theft,Accused was seen loitering near a railway station before removing two mobile phones and fleeing on a on foot.,none,8
OFF000599,INC000598,Kidnapping and Abduction,Offense recorded under Kidnapping and Abduction.,none,55
OFF000600,INC000599,Hurt / Grievous Hurt,"Accused engaged in an altercation with the victim near a railway station over an old debt, causing injury with a sharp weapon.",none,35
OFF000601,INC000600,Murder,Offense recorded under Murder.,none,100
OFF000602,INC000601,Theft,Accused was seen loitering near a residential lane before removing jewellery and fleeing on a on foot.,none,8
OFF000603,INC000602,Dowry Death,Offense recorded under Dowry Death.,none,90
OFF000604,INC000603,Riots,Offense recorded under Riots.,none,20
OFF000605,INC000604,Burglary,Accused gained entry through the terrace access and removed a bag of valuables from the premises while occupants were asleep.,none,15
OFF000606,INC000605,Theft,Accused was seen loitering near a bus stop before removing cash and electronics and fleeing on a on foot.,none,8
OFF000607,INC000606,Burglary,Accused gained entry through the terrace access and removed jewellery from the premises while occupants were at work.,none,15
OFF000608,INC000607,Kidnapping and Abduction,Offense recorded under Kidnapping and Abduction.,none,55
OFF000609,INC000608,Attempt to Murder,Offense recorded under Attempt to Murder.,none,70
OFF000610,INC000609,Kidnapping and Abduction,Offense recorded under Kidnapping and Abduction.,none,55
OFF000611,INC000610,Theft,Accused was seen loitering near a bus stop before removing a laptop and fleeing on a two-wheeler.,none,8
OFF000612,INC000611,Kidnapping and Abduction,Offense recorded under Kidnapping and Abduction.,none,55
OFF000613,INC000612,Hurt / Grievous Hurt,"Accused engaged in an altercation with the victim near a residential lane over an old debt, causing injury with a sharp weapon.",none,35
OFF000614,INC000613,Kidnapping and Abduction,Offense recorded under Kidnapping and Abduction.,none,55
OFF000615,INC000614,Burglary,Accused gained entry through the rear window and removed cash and electronics from the premises while occupants were at work.,none,15
OFF000616,INC000615,Hurt / Grievous Hurt,"Accused engaged in an altercation with the victim near a residential lane over a road-rage incident, causing injury with a knife.",none,35
OFF000617,INC000616,Theft,Accused was seen loitering near a market area before removing jewellery and fleeing on a bicycle.,none,8
OFF000618,INC000617,Theft,Accused was seen loitering near a railway station before removing two mobile phones and fleeing on a two-wheeler.,none,8
OFF000619,INC000618,Theft,Accused was seen loitering near a market area before removing cash and electronics and fleeing on a bicycle.,none,8
OFF000620,INC000619,Theft,Accused was seen loitering near a bus stop before removing a laptop and fleeing on a auto-rickshaw.,none,8
OFF000621,INC000620,Attempt to Murder,Offense recorded under Attempt to Murder.,none,70
OFF000622,INC000621,Burglary,Accused gained entry through the rear window and removed a laptop from the premises while occupants were away.,none,15
OFF000623,INC000622,Theft,Accused was seen loitering near a railway station before removing a laptop and fleeing on a on foot.,none,8
OFF000624,INC000623,Cheating,"Accused posed as a insurance agent and convinced the victim to transfer funds via UPI, then became unreachable.",none,20
OFF000625,INC000624,Cheating,"Accused posed as a bank official and convinced the victim to transfer funds via UPI, then became unreachable.",none,20
OFF000626,INC000625,Hurt / Grievous Hurt,"Accused engaged in an altercation with the victim near a market area over a property boundary, causing injury with a blunt object.",none,35
OFF000627,INC000626,Burglary,Accused gained entry through the unlocked back door and removed a laptop from the premises while occupants were at work.,none,15
OFF000628,INC000627,Robbery,"Accused approached the victim near a parking lot, threatened them with a blunt object, and fled with a laptop on a bicycle.",none,45
OFF000629,INC000628,Rape,Offense recorded under Rape.,none,85
OFF000630,INC000629,Riots,Offense recorded under Riots.,none,20
OFF000631,INC000630,Theft,Accused was seen loitering near a parking lot before removing jewellery and fleeing on a two-wheeler.,none,8
OFF000632,INC000631,Theft,Accused was seen loitering near a market area before removing cash and electronics and fleeing on a auto-rickshaw.,none,8
OFF000633,INC000632,Cheating,"Accused posed as a insurance agent and convinced the victim to transfer funds via phone banking, then became unreachable.",none,20
OFF000634,INC000633,Dacoity,Offense recorded under Dacoity.,none,60
OFF000635,INC000634,Cheating,"Accused posed as a government officer and convinced the victim to transfer funds via UPI, then became unreachable.",none,20
OFF000636,INC000635,Robbery,"Accused approached the victim near a parking lot, threatened them with a blunt object, and fled with jewellery on a two-wheeler.",none,45
OFF000637,INC000636,Theft,Accused was seen loitering near a residential lane before removing cash and electronics and fleeing on a two-wheeler.,none,8
OFF000638,INC000637,Theft,Accused was seen loitering near a residential lane before removing a bag of valuables and fleeing on a on foot.,none,8
OFF000639,INC000638,Hurt / Grievous Hurt,"Accused engaged in an altercation with the victim near a parking lot over a road-rage incident, causing injury with a iron rod.",none,35
OFF000640,INC000639,Hurt / Grievous Hurt,"Accused engaged in an altercation with the victim near a railway station over a road-rage incident, causing injury with a blunt object.",none,35
OFF000641,INC000640,Kidnapping and Abduction,Offense recorded under Kidnapping and Abduction.,none,55
OFF000642,INC000641,Burglary,Accused gained entry through the compound wall and removed jewellery from the premises while occupants were away.,none,15
OFF000643,INC000642,Theft,Accused was seen loitering near a railway station before removing a laptop and fleeing on a auto-rickshaw.,none,8
OFF000644,INC000643,Cheating,"Accused posed as a insurance agent and convinced the victim to transfer funds via a fraudulent link, then became unreachable.",none,20
OFF000645,INC000644,Theft,Accused was seen loitering near a railway station before removing two mobile phones and fleeing on a two-wheeler.,none,8
OFF000646,INC000645,Attempt to Murder,Offense recorded under Attempt to Murder.,none,70
OFF000647,INC000646,Theft,Accused was seen loitering near a parking lot before removing a bag of valuables and fleeing on a bicycle.,none,8
OFF000648,INC000647,Kidnapping and Abduction,Offense recorded under Kidnapping and Abduction.,none,55
OFF000649,INC000648,Riots,Offense recorded under Riots.,none,20
OFF000650,INC000649,Burglary,Accused gained entry through the kitchen ventilator and removed a laptop from the premises while occupants were at work.,none,15
OFF000651,INC000650,Theft,Accused was seen loitering near a residential lane before removing two mobile phones and fleeing on a two-wheeler.,none,8
OFF000652,INC000651,Attempt to Murder,Offense recorded under Attempt to Murder.,none,70
OFF000653,INC000652,Theft,Accused was seen loitering near a residential lane before removing jewellery and fleeing on a on foot.,none,8
OFF000654,INC000653,Murder,Offense recorded under Murder.,none,100
OFF000655,INC000654,Cheating,"Accused posed as a insurance agent and convinced the victim to transfer funds via a fake QR code, then became unreachable.",none,20
OFF000656,INC000655,Theft,Accused was seen loitering near a bus stop before removing cash and electronics and fleeing on a bicycle.,none,8
OFF000657,INC000656,Theft,Accused was seen loitering near a market area before removing two mobile phones and fleeing on a two-wheeler.,none,8
OFF000658,INC000657,Riots,Offense recorded under Riots.,none,20
OFF000659,INC000658,Rape,Offense recorded under Rape.,none,85
OFF000660,INC000659,Theft,Accused was seen loitering near a residential lane before removing cash and electronics and fleeing on a on foot.,none,8
OFF000661,INC000660,Cheating,"Accused posed as a delivery agent and convinced the victim to transfer funds via a fraudulent link, then became unreachable.",none,20
OFF000662,INC000661,Theft,Accused was seen loitering near a railway station before removing jewellery and fleeing on a two-wheeler.,none,8
OFF000663,INC000662,Arson,Offense recorded under Arson.,none,40
OFF000664,INC000663,Burglary,Accused gained entry through the compound wall and removed a bag of valuables from the premises while occupants were at work.,none,15
OFF000665,INC000664,Rape,Offense recorded under Rape.,none,85
OFF000666,INC000665,Cheating,"Accused posed as a delivery agent and convinced the victim to transfer funds via a fraudulent link, then became unreachable.",none,20
OFF000667,INC000666,Theft,Accused was seen loitering near a railway station before removing jewellery and fleeing on a two-wheeler.,none,8
OFF000668,INC000667,Theft,Accused was seen loitering near a parking lot before removing a laptop and fleeing on a auto-rickshaw.,none,8
OFF000669,INC000668,Cheating,"Accused posed as a insurance agent and convinced the victim to transfer funds via a fake QR code, then became unreachable.",none,20
OFF000670,INC000669,Kidnapping and Abduction,Offense recorded under Kidnapping and Abduction.,none,55
OFF000671,INC000670,Cheating,"Accused posed as a government officer and convinced the victim to transfer funds via a fraudulent link, then became unreachable.",none,20
OFF000672,INC000671,Theft,Accused was seen loitering near a railway station before removing cash and electronics and fleeing on a auto-rickshaw.,none,8
OFF000673,INC000672,Attempt to Murder,Offense recorded under Attempt to Murder.,none,70
OFF000674,INC000673,Theft,Accused was seen loitering near a market area before removing two mobile phones and fleeing on a on foot.,none,8
OFF000675,INC000674,Cheating,"Accused posed as a delivery agent and convinced the victim to transfer funds via phone banking, then became unreachable.",none,20
OFF000676,INC000675,Burglary,Accused gained entry through the terrace access and removed two mobile phones from the premises while occupants were at work.,none,15
OFF000677,INC000676,Burglary,Accused gained entry through the compound wall and removed jewellery from the premises while occupants were away.,none,15
OFF000678,INC000677,Burglary,Accused gained entry through the rear window and removed a bag of valuables from the premises while occupants were away.,none,15
OFF000679,INC000678,Theft,Accused was seen loitering near a railway station before removing jewellery and fleeing on a two-wheeler.,none,8
OFF000680,INC000679,Theft,Accused was seen loitering near a bus stop before removing a bag of valuables and fleeing on a bicycle.,none,8
OFF000681,INC000680,Theft,Accused was seen loitering near a residential lane before removing cash and electronics and fleeing on a bicycle.,none,8
OFF000682,INC000681,Kidnapping and Abduction,Offense recorded under Kidnapping and Abduction.,none,55
OFF000683,INC000682,Attempt to Murder,Offense recorded under Attempt to Murder.,none,70
OFF000684,INC000683,Theft,Accused was seen loitering near a railway station before removing a bag of valuables and fleeing on a two-wheeler.,none,8
OFF000685,INC000684,Hurt / Grievous Hurt,"Accused engaged in an altercation with the victim near a parking lot over a property boundary, causing injury with a iron rod.",none,35
OFF000686,INC000685,Burglary,Accused gained entry through the kitchen ventilator and removed a bag of valuables from the premises while occupants were away.,none,15
OFF000687,INC000686,Theft,Accused was seen loitering near a bus stop before removing cash and electronics and fleeing on a two-wheeler.,none,8
OFF000688,INC000687,Kidnapping and Abduction,Offense recorded under Kidnapping and Abduction.,none,55
OFF000689,INC000688,Theft,Accused was seen loitering near a bus stop before removing a laptop and fleeing on a two-wheeler.,none,8
OFF000690,INC000689,Criminal Breach of Trust,Offense recorded under Criminal Breach of Trust.,none,25
OFF000691,INC000690,Theft,Accused was seen loitering near a market area before removing two mobile phones and fleeing on a bicycle.,none,8
OFF000692,INC000691,Robbery,"Accused approached the victim near a railway station, threatened them with a sharp weapon, and fled with jewellery on a auto-rickshaw.",none,45
OFF000693,INC000692,Theft,Accused was seen loitering near a market area before removing a bag of valuables and fleeing on a auto-rickshaw.,none,8
OFF000694,INC000693,Theft,Accused was seen loitering near a parking lot before removing a bag of valuables and fleeing on a on foot.,none,8
OFF000695,INC000694,Theft,Accused was seen loitering near a residential lane before removing jewellery and fleeing on a auto-rickshaw.,none,8
OFF000696,INC000695,Theft,Accused was seen loitering near a market area before removing jewellery and fleeing on a two-wheeler.,none,8
OFF000697,INC000696,Theft,Accused was seen loitering near a parking lot before removing a bag of valuables and fleeing on a auto-rickshaw.,none,8
OFF000698,INC000697,Burglary,Accused gained entry through the unlocked back door and removed two mobile phones from the premises while occupants were at work.,none,15
OFF000699,INC000698,Criminal Breach of Trust,Offense recorded under Criminal Breach of Trust.,none,25
OFF000700,INC000699,Theft,Accused was seen loitering near a parking lot before removing two mobile phones and fleeing on a auto-rickshaw.,none,8
OFF000701,INC000700,Theft,Accused was seen loitering near a residential lane before removing two mobile phones and fleeing on a bicycle.,none,8
OFF000702,INC000701,Theft,Accused was seen loitering near a railway station before removing a bag of valuables and fleeing on a bicycle.,none,8
OFF000703,INC000702,Theft,Accused was seen loitering near a residential lane before removing cash and electronics and fleeing on a on foot.,none,8
OFF000704,INC000703,Kidnapping and Abduction,Offense recorded under Kidnapping and Abduction.,none,55
OFF000705,INC000704,Theft,Accused was seen loitering near a parking lot before removing a laptop and fleeing on a two-wheeler.,none,8
OFF000706,INC000705,Theft,Accused was seen loitering near a railway station before removing jewellery and fleeing on a on foot.,none,8
OFF000707,INC000706,Theft,Accused was seen loitering near a parking lot before removing a laptop and fleeing on a two-wheeler.,none,8
OFF000708,INC000707,Criminal Breach of Trust,Offense recorded under Criminal Breach of Trust.,none,25
OFF000709,INC000708,Theft,Accused was seen loitering near a railway station before removing a laptop and fleeing on a two-wheeler.,none,8
OFF000710,INC000709,Theft,Accused was seen loitering near a parking lot before removing cash and electronics and fleeing on a on foot.,none,8
OFF000711,INC000710,Riots,Offense recorded under Riots.,none,20
OFF000712,INC000711,Cheating,"Accused posed as a bank official and convinced the victim to transfer funds via a fraudulent link, then became unreachable.",none,20
OFF000713,INC000712,Cheating,"Accused posed as a government officer and convinced the victim to transfer funds via UPI, then became unreachable.",none,20
OFF000714,INC000713,Kidnapping and Abduction,Offense recorded under Kidnapping and Abduction.,none,55
OFF000715,INC000714,Hurt / Grievous Hurt,"Accused engaged in an altercation with the victim near a residential lane over an old debt, causing injury with a knife.",none,35
OFF000716,INC000715,Theft,Accused was seen loitering near a bus stop before removing jewellery and fleeing on a on foot.,none,8
OFF000717,INC000716,Theft,Accused was seen loitering near a railway station before removing a laptop and fleeing on a auto-rickshaw.,none,8
OFF000718,INC000717,Theft,Accused was seen loitering near a market area before removing a bag of valuables and fleeing on a bicycle.,none,8
OFF000719,INC000718,Theft,Accused was seen loitering near a parking lot before removing cash and electronics and fleeing on a on foot.,none,8
OFF000720,INC000719,Theft,Accused was seen loitering near a market area before removing a bag of valuables and fleeing on a auto-rickshaw.,none,8
OFF000721,INC000720,Cheating,"Accused posed as a insurance agent and convinced the victim to transfer funds via UPI, then became unreachable.",none,20
OFF000722,INC000721,Arson,Offense recorded under Arson.,none,40
OFF000723,INC000722,Theft,Accused was seen loitering near a parking lot before removing a laptop and fleeing on a two-wheeler.,none,8
OFF000724,INC000723,Robbery,"Accused approached the victim near a parking lot, threatened them with a knife, and fled with jewellery on a two-wheeler.",none,45
OFF000725,INC000724,Cheating,"Accused posed as a delivery agent and convinced the victim to transfer funds via UPI, then became unreachable.",none,20
OFF000726,INC000725,Burglary,Accused gained entry through the compound wall and removed two mobile phones from the premises while occupants were away.,none,15
OFF000727,INC000726,Theft,Accused was seen loitering near a bus stop before removing a laptop and fleeing on a two-wheeler.,none,8
OFF000728,INC000727,Riots,Offense recorded under Riots.,none,20
OFF000729,INC000728,Theft,Accused was seen loitering near a residential lane before removing a laptop and fleeing on a auto-rickshaw.,none,8
OFF000730,INC000729,Attempt to Murder,Offense recorded under Attempt to Murder.,none,70
OFF000731,INC000730,Cheating,"Accused posed as a insurance agent and convinced the victim to transfer funds via a fake QR code, then became unreachable.",none,20
OFF000732,INC000731,Theft,Accused was seen loitering near a residential lane before removing a laptop and fleeing on a on foot.,none,8
OFF000733,INC000732,Theft,Accused was seen loitering near a railway station before removing a bag of valuables and fleeing on a two-wheeler.,none,8
OFF000734,INC000733,Theft,Accused was seen loitering near a parking lot before removing cash and electronics and fleeing on a two-wheeler.,none,8
OFF000735,INC000734,Theft,Accused was seen loitering near a parking lot before removing jewellery and fleeing on a auto-rickshaw.,none,8
OFF000736,INC000735,Cheating,"Accused posed as a government officer and convinced the victim to transfer funds via UPI, then became unreachable.",none,20
OFF000737,INC000736,Theft,Accused was seen loitering near a residential lane before removing cash and electronics and fleeing on a on foot.,none,8
OFF000738,INC000737,Attempt to Murder,Offense recorded under Attempt to Murder.,none,70
OFF000739,INC000738,Theft,Accused was seen loitering near a parking lot before removing jewellery and fleeing on a auto-rickshaw.,none,8
OFF000740,INC000739,Theft,Accused was seen loitering near a market area before removing jewellery and fleeing on a on foot.,none,8
OFF000741,INC000740,Theft,Accused was seen loitering near a bus stop before removing jewellery and fleeing on a on foot.,none,8
OFF000742,INC000741,Theft,Accused was seen loitering near a railway station before removing a laptop and fleeing on a auto-rickshaw.,none,8
OFF000743,INC000742,Theft,Accused was seen loitering near a parking lot before removing a laptop and fleeing on a two-wheeler.,none,8
OFF000744,INC000743,Theft,Accused was seen loitering near a bus stop before removing jewellery and fleeing on a bicycle.,none,8
OFF000745,INC000744,Theft,Accused was seen loitering near a railway station before removing a laptop and fleeing on a on foot.,none,8
OFF000746,INC000745,Theft,Accused was seen loitering near a parking lot before removing a laptop and fleeing on a bicycle.,none,8
OFF000747,INC000746,Theft,Accused was seen loitering near a railway station before removing cash and electronics and fleeing on a two-wheeler.,none,8
OFF000748,INC000747,Theft,Accused was seen loitering near a market area before removing two mobile phones and fleeing on a two-wheeler.,none,8
OFF000749,INC000748,Theft,Accused was seen loitering near a railway station before removing two mobile phones and fleeing on a on foot.,none,8
OFF000750,INC000749,Burglary,Accused gained entry through the kitchen ventilator and removed two mobile phones from the premises while occupants were asleep.,none,15
OFF000751,INC000750,Attempt to Murder,Offense recorded under Attempt to Murder.,none,70
OFF000752,INC000751,Theft,Accused was seen loitering near a railway station before removing cash and electronics and fleeing on a auto-rickshaw.,none,8
OFF000753,INC000752,Hurt / Grievous Hurt,"Accused engaged in an altercation with the victim near a railway station over a family matter, causing injury with a sharp weapon.",none,35
OFF000754,INC000753,Theft,Accused was seen loitering near a parking lot before removing a laptop and fleeing on a auto-rickshaw.,none,8
OFF000755,INC000754,Theft,Accused was seen loitering near a railway station before removing a bag of valuables and fleeing on a auto-rickshaw.,none,8
OFF000756,INC000755,Attempt to Murder,Offense recorded under Attempt to Murder.,none,70
OFF000757,INC000756,Cheating,"Accused posed as a government officer and convinced the victim to transfer funds via UPI, then became unreachable.",none,20
OFF000758,INC000757,Theft,Accused was seen loitering near a bus stop before removing a laptop and fleeing on a auto-rickshaw.,none,8
OFF000759,INC000758,Kidnapping and Abduction,Offense recorded under Kidnapping and Abduction.,none,55
OFF000760,INC000759,Cheating,"Accused posed as a bank official and convinced the victim to transfer funds via a fraudulent link, then became unreachable.",none,20
OFF000761,INC000760,Cheating,"Accused posed as a delivery agent and convinced the victim to transfer funds via phone banking, then became unreachable.",none,20
OFF000762,INC000761,Theft,Accused was seen loitering near a market area before removing cash and electronics and fleeing on a bicycle.,none,8
OFF000763,INC000762,Kidnapping and Abduction,Offense recorded under Kidnapping and Abduction.,none,55
OFF000764,INC000763,Attempt to Murder,Offense recorded under Attempt to Murder.,none,70
OFF000765,INC000764,Theft,Accused was seen loitering near a railway station before removing cash and electronics and fleeing on a auto-rickshaw.,none,8
OFF000766,INC000765,Theft,Accused was seen loitering near a market area before removing a laptop and fleeing on a bicycle.,none,8
OFF000767,INC000766,Cheating,"Accused posed as a delivery agent and convinced the victim to transfer funds via UPI, then became unreachable.",none,20
OFF000768,INC000767,Cheating,"Accused posed as a insurance agent and convinced the victim to transfer funds via a fraudulent link, then became unreachable.",none,20
OFF000769,INC000768,Theft,Accused was seen loitering near a market area before removing cash and electronics and fleeing on a bicycle.,none,8
OFF000770,INC000769,Kidnapping and Abduction,Offense recorded under Kidnapping and Abduction.,none,55
OFF000771,INC000770,Theft,Accused was seen loitering near a bus stop before removing two mobile phones and fleeing on a auto-rickshaw.,none,8
OFF000772,INC000771,Theft,Accused was seen loitering near a parking lot before removing cash and electronics and fleeing on a bicycle.,none,8
OFF000773,INC000772,Theft,Accused was seen loitering near a bus stop before removing two mobile phones and fleeing on a auto-rickshaw.,none,8
OFF000774,INC000773,Burglary,Accused gained entry through the kitchen ventilator and removed a laptop from the premises while occupants were away.,none,15
OFF000775,INC000774,Theft,Accused was seen loitering near a residential lane before removing a laptop and fleeing on a bicycle.,none,8
OFF000776,INC000775,Hurt / Grievous Hurt,"Accused engaged in an altercation with the victim near a residential lane over a property boundary, causing injury with a iron rod.",none,35
OFF000777,INC000776,Theft,Accused was seen loitering near a market area before removing a laptop and fleeing on a two-wheeler.,none,8
OFF000778,INC000777,Rape,Offense recorded under Rape.,none,85
OFF000779,INC000778,Cheating,"Accused posed as a government officer and convinced the victim to transfer funds via a fraudulent link, then became unreachable.",none,20
OFF000780,INC000779,Cheating,"Accused posed as a insurance agent and convinced the victim to transfer funds via a fraudulent link, then became unreachable.",none,20
OFF000781,INC000780,Burglary,Accused gained entry through the compound wall and removed jewellery from the premises while occupants were away.,none,15
OFF000782,INC000781,Hurt / Grievous Hurt,"Accused engaged in an altercation with the victim near a bus stop over a property boundary, causing injury with a blunt object.",none,35
OFF000783,INC000782,Theft,Accused was seen loitering near a parking lot before removing jewellery and fleeing on a on foot.,none,8
OFF000784,INC000783,Cheating,"Accused posed as a bank official and convinced the victim to transfer funds via a fraudulent link, then became unreachable.",none,20
OFF000785,INC000784,Theft,Accused was seen loitering near a market area before removing a bag of valuables and fleeing on a auto-rickshaw.,none,8
OFF000786,INC000785,Theft,Accused was seen loitering near a market area before removing a laptop and fleeing on a auto-rickshaw.,none,8
OFF000787,INC000786,Kidnapping and Abduction,Offense recorded under Kidnapping and Abduction.,none,55
OFF000788,INC000787,Theft,Accused was seen loitering near a bus stop before removing cash and electronics and fleeing on a on foot.,none,8
OFF000789,INC000788,Theft,Accused was seen loitering near a residential lane before removing jewellery and fleeing on a bicycle.,none,8
OFF000790,INC000789,Theft,Accused was seen loitering near a parking lot before removing cash and electronics and fleeing on a two-wheeler.,none,8
OFF000791,INC000790,Kidnapping and Abduction,Offense recorded under Kidnapping and Abduction.,none,55
OFF000792,INC000791,Theft,Accused was seen loitering near a market area before removing two mobile phones and fleeing on a on foot.,none,8
OFF000793,INC000792,Cheating,"Accused posed as a bank official and convinced the victim to transfer funds via phone banking, then became unreachable.",none,20
OFF000794,INC000793,Kidnapping and Abduction,Offense recorded under Kidnapping and Abduction.,none,55
OFF000795,INC000794,Hurt / Grievous Hurt,"Accused engaged in an altercation with the victim near a parking lot over an old debt, causing injury with a blunt object.",none,35
OFF000796,INC000795,Burglary,Accused gained entry through the kitchen ventilator and removed a bag of valuables from the premises while occupants were away.,none,15
OFF000797,INC000796,Theft,Accused was seen loitering near a residential lane before removing a bag of valuables and fleeing on a bicycle.,none,8
OFF000798,INC000797,Kidnapping and Abduction,Offense recorded under Kidnapping and Abduction.,none,55
OFF000799,INC000798,Cheating,"Accused posed as a government officer and convinced the victim to transfer funds via phone banking, then became unreachable.",none,20
OFF000800,INC000799,Theft,Accused was seen loitering near a parking lot before removing a bag of valuables and fleeing on a two-wheeler.,none,8
OFF000801,INC000800,Theft,Accused was seen loitering near a market area before removing a bag of valuables and fleeing on a on foot.,none,8
OFF000802,INC000801,Kidnapping and Abduction,Offense recorded under Kidnapping and Abduction.,none,55
OFF000803,INC000802,Cheating,"Accused posed as a bank official and convinced the victim to transfer funds via phone banking, then became unreachable.",none,20
OFF000804,INC000803,Rape,Offense recorded under Rape.,none,85
OFF000805,INC000804,Cheating,"Accused posed as a insurance agent and convinced the victim to transfer funds via a fraudulent link, then became unreachable.",none,20
OFF000806,INC000805,Theft,Accused was seen loitering near a residential lane before removing cash and electronics and fleeing on a auto-rickshaw.,none,8
OFF000807,INC000806,Theft,Accused was seen loitering near a residential lane before removing two mobile phones and fleeing on a two-wheeler.,none,8
OFF000808,INC000807,Riots,Offense recorded under Riots.,none,20
OFF000809,INC000808,Hurt / Grievous Hurt,"Accused engaged in an altercation with the victim near a residential lane over a road-rage incident, causing injury with a blunt object.",none,35
OFF000810,INC000809,Theft,Accused was seen loitering near a parking lot before removing a bag of valuables and fleeing on a bicycle.,none,8
OFF000811,INC000810,Burglary,Accused gained entry through the compound wall and removed a bag of valuables from the premises while occupants were asleep.,none,15
OFF000812,INC000811,Kidnapping and Abduction,Offense recorded under Kidnapping and Abduction.,none,55
OFF000813,INC000812,Theft,Accused was seen loitering near a market area before removing a laptop and fleeing on a bicycle.,none,8
OFF000814,INC000813,Theft,Accused was seen loitering near a residential lane before removing jewellery and fleeing on a two-wheeler.,none,8
OFF000815,INC000814,Kidnapping and Abduction,Offense recorded under Kidnapping and Abduction.,none,55
OFF000816,INC000815,Theft,Accused was seen loitering near a railway station before removing a bag of valuables and fleeing on a auto-rickshaw.,none,8
OFF000817,INC000816,Kidnapping and Abduction,Offense recorded under Kidnapping and Abduction.,none,55
OFF000818,INC000817,Theft,Accused was seen loitering near a market area before removing jewellery and fleeing on a auto-rickshaw.,none,8
OFF000819,INC000818,Cheating,"Accused posed as a delivery agent and convinced the victim to transfer funds via phone banking, then became unreachable.",none,20
OFF000820,INC000819,Rape,Offense recorded under Rape.,none,85
OFF000821,INC000820,Hurt / Grievous Hurt,"Accused engaged in an altercation with the victim near a railway station over an old debt, causing injury with a knife.",none,35
OFF000822,INC000821,Rape,Offense recorded under Rape.,none,85
OFF000823,INC000822,Theft,Accused was seen loitering near a residential lane before removing jewellery and fleeing on a bicycle.,none,8
OFF000824,INC000823,Theft,Accused was seen loitering near a railway station before removing cash and electronics and fleeing on a on foot.,none,8
OFF000825,INC000824,Burglary,Accused gained entry through the compound wall and removed cash and electronics from the premises while occupants were away.,none,15
OFF000826,INC000825,Theft,Accused was seen loitering near a residential lane before removing a laptop and fleeing on a two-wheeler.,none,8
OFF000827,INC000826,Cheating,"Accused posed as a bank official and convinced the victim to transfer funds via UPI, then became unreachable.",none,20
OFF000828,INC000827,Theft,Accused was seen loitering near a bus stop before removing cash and electronics and fleeing on a auto-rickshaw.,none,8
OFF000829,INC000828,Cheating,"Accused posed as a insurance agent and convinced the victim to transfer funds via UPI, then became unreachable.",none,20
OFF000830,INC000829,Criminal Breach of Trust,Offense recorded under Criminal Breach of Trust.,none,25
OFF000831,INC000830,Robbery,"Accused approached the victim near a railway station, threatened them with a sharp weapon, and fled with jewellery on a two-wheeler.",none,45
OFF000832,INC000831,Theft,Accused was seen loitering near a parking lot before removing two mobile phones and fleeing on a on foot.,none,8
OFF000833,INC000832,Rape,Offense recorded under Rape.,none,85
OFF000834,INC000833,Theft,Accused was seen loitering near a residential lane before removing jewellery and fleeing on a two-wheeler.,none,8
OFF000835,INC000834,Theft,Accused was seen loitering near a market area before removing cash and electronics and fleeing on a on foot.,none,8
OFF000836,INC000835,Kidnapping and Abduction,Offense recorded under Kidnapping and Abduction.,none,55
OFF000837,INC000836,Arson,Offense recorded under Arson.,none,40
OFF000838,INC000837,Cheating,"Accused posed as a delivery agent and convinced the victim to transfer funds via UPI, then became unreachable.",none,20
OFF000839,INC000838,Theft,Accused was seen loitering near a bus stop before removing cash and electronics and fleeing on a auto-rickshaw.,none,8
OFF000840,INC000839,Theft,Accused was seen loitering near a railway station before removing a laptop and fleeing on a bicycle.,none,8
OFF000841,INC000840,Dowry Death,Offense recorded under Dowry Death.,none,90
OFF000842,INC000841,Theft,Accused was seen loitering near a market area before removing cash and electronics and fleeing on a bicycle.,none,8
OFF000843,INC000842,Arson,Offense recorded under Arson.,none,40
OFF000844,INC000843,Rape,Offense recorded under Rape.,none,85
OFF000845,INC000844,Theft,Accused was seen loitering near a bus stop before removing a bag of valuables and fleeing on a auto-rickshaw.,none,8
OFF000846,INC000845,Cheating,"Accused posed as a bank official and convinced the victim to transfer funds via a fraudulent link, then became unreachable.",none,20
OFF000847,INC000846,Cheating,"Accused posed as a delivery agent and convinced the victim to transfer funds via a fraudulent link, then became unreachable.",none,20
OFF000848,INC000847,Dowry Death,Offense recorded under Dowry Death.,none,90
OFF000849,INC000848,Theft,Accused was seen loitering near a market area before removing cash and electronics and fleeing on a auto-rickshaw.,none,8
OFF000850,INC000849,Kidnapping and Abduction,Offense recorded under Kidnapping and Abduction.,none,55
OFF000851,INC000850,Theft,Accused was seen loitering near a residential lane before removing a laptop and fleeing on a on foot.,none,8
OFF000852,INC000851,Burglary,Accused gained entry through the compound wall and removed cash and electronics from the premises while occupants were at work.,none,15
OFF000853,INC000852,Theft,Accused was seen loitering near a bus stop before removing two mobile phones and fleeing on a two-wheeler.,none,8
OFF000854,INC000853,Theft,Accused was seen loitering near a parking lot before removing a laptop and fleeing on a bicycle.,none,8
OFF000855,INC000854,Theft,Accused was seen loitering near a market area before removing a bag of valuables and fleeing on a on foot.,none,8
OFF000856,INC000855,Attempt to Murder,Offense recorded under Attempt to Murder.,none,70
OFF000857,INC000856,Theft,Accused was seen loitering near a market area before removing jewellery and fleeing on a two-wheeler.,none,8
OFF000858,INC000857,Murder,Offense recorded under Murder.,none,100
OFF000859,INC000858,Cheating,"Accused posed as a government officer and convinced the victim to transfer funds via a fake QR code, then became unreachable.",none,20
OFF000860,INC000859,Kidnapping and Abduction,Offense recorded under Kidnapping and Abduction.,none,55
OFF000861,INC000860,Theft,Accused was seen loitering near a residential lane before removing a laptop and fleeing on a on foot.,none,8
OFF000862,INC000861,Arson,Offense recorded under Arson.,none,40
OFF000863,INC000862,Theft,Accused was seen loitering near a bus stop before removing a bag of valuables and fleeing on a two-wheeler.,none,8
OFF000864,INC000863,Burglary,Accused gained entry through the rear window and removed cash and electronics from the premises while occupants were away.,none,15
OFF000865,INC000864,Hurt / Grievous Hurt,"Accused engaged in an altercation with the victim near a parking lot over a property boundary, causing injury with a knife.",none,35
OFF000866,INC000865,Theft,Accused was seen loitering near a market area before removing cash and electronics and fleeing on a bicycle.,none,8
OFF000867,INC000866,Murder,Offense recorded under Murder.,none,100
OFF000868,INC000867,Rape,Offense recorded under Rape.,none,85
OFF000869,INC000868,Criminal Breach of Trust,Offense recorded under Criminal Breach of Trust.,none,25
OFF000870,INC000869,Cheating,"Accused posed as a insurance agent and convinced the victim to transfer funds via a fraudulent link, then became unreachable.",none,20
OFF000871,INC000870,Theft,Accused was seen loitering near a residential lane before removing two mobile phones and fleeing on a two-wheeler.,none,8
OFF000872,INC000871,Burglary,Accused gained entry through the rear window and removed two mobile phones from the premises while occupants were asleep.,none,15
OFF000873,INC000872,Theft,Accused was seen loitering near a bus stop before removing two mobile phones and fleeing on a auto-rickshaw.,none,8
OFF000874,INC000873,Theft,Accused was seen loitering near a railway station before removing cash and electronics and fleeing on a bicycle.,none,8
OFF000875,INC000874,Theft,Accused was seen loitering near a parking lot before removing cash and electronics and fleeing on a auto-rickshaw.,none,8
OFF000876,INC000875,Theft,Accused was seen loitering near a bus stop before removing cash and electronics and fleeing on a on foot.,none,8
OFF000877,INC000876,Theft,Accused was seen loitering near a bus stop before removing a laptop and fleeing on a auto-rickshaw.,none,8
OFF000878,INC000877,Criminal Breach of Trust,Offense recorded under Criminal Breach of Trust.,none,25
OFF000879,INC000878,Theft,Accused was seen loitering near a market area before removing jewellery and fleeing on a auto-rickshaw.,none,8
OFF000880,INC000879,Theft,Accused was seen loitering near a railway station before removing two mobile phones and fleeing on a on foot.,none,8
OFF000881,INC000880,Theft,Accused was seen loitering near a railway station before removing jewellery and fleeing on a two-wheeler.,none,8
OFF000882,INC000881,Theft,Accused was seen loitering near a market area before removing a laptop and fleeing on a two-wheeler.,none,8
OFF000883,INC000882,Theft,Accused was seen loitering near a bus stop before removing a laptop and fleeing on a on foot.,none,8
OFF000884,INC000883,Kidnapping and Abduction,Offense recorded under Kidnapping and Abduction.,none,55
OFF000885,INC000884,Theft,Accused was seen loitering near a market area before removing two mobile phones and fleeing on a two-wheeler.,none,8
OFF000886,INC000885,Attempt to Murder,Offense recorded under Attempt to Murder.,none,70
OFF000887,INC000886,Theft,Accused was seen loitering near a parking lot before removing jewellery and fleeing on a bicycle.,none,8
OFF000888,INC000887,Theft,Accused was seen loitering near a bus stop before removing cash and electronics and fleeing on a bicycle.,none,8
OFF000889,INC000888,Riots,Offense recorded under Riots.,none,20
OFF000890,INC000889,Cheating,"Accused posed as a bank official and convinced the victim to transfer funds via a fake QR code, then became unreachable.",none,20
OFF000891,INC000890,Theft,Accused was seen loitering near a railway station before removing a bag of valuables and fleeing on a on foot.,none,8
OFF000892,INC000891,Hurt / Grievous Hurt,"Accused engaged in an altercation with the victim near a bus stop over an old debt, causing injury with a knife.",none,35
OFF000893,INC000892,Cheating,"Accused posed as a bank official and convinced the victim to transfer funds via phone banking, then became unreachable.",none,20
OFF000894,INC000893,Theft,Accused was seen loitering near a market area before removing a laptop and fleeing on a on foot.,none,8
OFF000895,INC000894,Theft,Accused was seen loitering near a market area before removing jewellery and fleeing on a bicycle.,none,8
OFF000896,INC000895,Cheating,"Accused posed as a government officer and convinced the victim to transfer funds via a fake QR code, then became unreachable.",none,20
OFF000897,INC000896,Theft,Accused was seen loitering near a market area before removing cash and electronics and fleeing on a bicycle.,none,8
OFF000898,INC000897,Rape,Offense recorded under Rape.,none,85
OFF000899,INC000898,Cheating,"Accused posed as a insurance agent and convinced the victim to transfer funds via a fraudulent link, then became unreachable.",none,20
OFF000900,INC000899,Theft,Accused was seen loitering near a residential lane before removing a bag of valuables and fleeing on a auto-rickshaw.,none,8
OFF000901,INC000900,Riots,Offense recorded under Riots.,none,20
OFF000902,INC000901,Theft,Accused was seen loitering near a residential lane before removing jewellery and fleeing on a auto-rickshaw.,none,8
OFF000903,INC000902,Cheating,"Accused posed as a government officer and convinced the victim to transfer funds via phone banking, then became unreachable.",none,20
OFF000904,INC000903,Arson,Offense recorded under Arson.,none,40
OFF000905,INC000904,Theft,Accused was seen loitering near a parking lot before removing a bag of valuables and fleeing on a on foot.,none,8
OFF000906,INC000905,Cheating,"Accused posed as a delivery agent and convinced the victim to transfer funds via UPI, then became unreachable.",none,20
OFF000907,INC000906,Criminal Breach of Trust,Offense recorded under Criminal Breach of Trust.,none,25
OFF000908,INC000907,Cheating,"Accused posed as a delivery agent and convinced the victim to transfer funds via a fake QR code, then became unreachable.",none,20
OFF000909,INC000908,Burglary,Accused gained entry through the terrace access and removed cash and electronics from the premises while occupants were away.,none,15
OFF000910,INC000909,Kidnapping and Abduction,Offense recorded under Kidnapping and Abduction.,none,55
OFF000911,INC000910,Cheating,"Accused posed as a delivery agent and convinced the victim to transfer funds via UPI, then became unreachable.",none,20
OFF000912,INC000911,Theft,Accused was seen loitering near a bus stop before removing a bag of valuables and fleeing on a auto-rickshaw.,none,8
OFF000913,INC000912,Rape,Offense recorded under Rape.,none,85
OFF000914,INC000913,Theft,Accused was seen loitering near a bus stop before removing jewellery and fleeing on a two-wheeler.,none,8
OFF000915,INC000914,Burglary,Accused gained entry through the kitchen ventilator and removed two mobile phones from the premises while occupants were at work.,none,15
OFF000916,INC000915,Hurt / Grievous Hurt,"Accused engaged in an altercation with the victim near a residential lane over an old debt, causing injury with a knife.",none,35
OFF000917,INC000916,Theft,Accused was seen loitering near a railway station before removing two mobile phones and fleeing on a auto-rickshaw.,none,8
OFF000918,INC000917,Theft,Accused was seen loitering near a railway station before removing a laptop and fleeing on a bicycle.,none,8
OFF000919,INC000918,Theft,Accused was seen loitering near a parking lot before removing cash and electronics and fleeing on a bicycle.,none,8
OFF000920,INC000919,Cheating,"Accused posed as a delivery agent and convinced the victim to transfer funds via a fake QR code, then became unreachable.",none,20
OFF000921,INC000920,Theft,Accused was seen loitering near a railway station before removing a bag of valuables and fleeing on a auto-rickshaw.,none,8
OFF000922,INC000921,Cheating,"Accused posed as a delivery agent and convinced the victim to transfer funds via a fake QR code, then became unreachable.",none,20
OFF000923,INC000922,Rape,Offense recorded under Rape.,none,85
OFF000924,INC000923,Rape,Offense recorded under Rape.,none,85
OFF000925,INC000924,Robbery,"Accused approached the victim near a bus stop, threatened them with a blunt object, and fled with jewellery on a two-wheeler.",none,45
OFF000926,INC000925,Theft,Accused was seen loitering near a railway station before removing two mobile phones and fleeing on a auto-rickshaw.,none,8
OFF000927,INC000926,Burglary,Accused gained entry through the compound wall and removed jewellery from the premises while occupants were away.,none,15
OFF000928,INC000927,Theft,Accused was seen loitering near a railway station before removing cash and electronics and fleeing on a bicycle.,none,8
OFF000929,INC000928,Cheating,"Accused posed as a delivery agent and convinced the victim to transfer funds via a fake QR code, then became unreachable.",none,20
OFF000930,INC000929,Cheating,"Accused posed as a government officer and convinced the victim to transfer funds via phone banking, then became unreachable.",none,20
OFF000931,INC000930,Hurt / Grievous Hurt,"Accused engaged in an altercation with the victim near a railway station over a road-rage incident, causing injury with a sharp weapon.",none,35
OFF000932,INC000931,Theft,Accused was seen loitering near a market area before removing a laptop and fleeing on a on foot.,none,8
OFF000933,INC000932,Theft,Accused was seen loitering near a market area before removing jewellery and fleeing on a bicycle.,none,8
OFF000934,INC000933,Cheating,"Accused posed as a delivery agent and convinced the victim to transfer funds via phone banking, then became unreachable.",none,20
OFF000935,INC000934,Theft,Accused was seen loitering near a market area before removing a bag of valuables and fleeing on a on foot.,none,8
OFF000936,INC000935,Kidnapping and Abduction,Offense recorded under Kidnapping and Abduction.,none,55
OFF000937,INC000936,Criminal Breach of Trust,Offense recorded under Criminal Breach of Trust.,none,25
OFF000938,INC000937,Theft,Accused was seen loitering near a residential lane before removing jewellery and fleeing on a auto-rickshaw.,none,8
OFF000939,INC000938,Theft,Accused was seen loitering near a market area before removing a bag of valuables and fleeing on a auto-rickshaw.,none,8
OFF000940,INC000939,Theft,Accused was seen loitering near a parking lot before removing jewellery and fleeing on a on foot.,none,8
OFF000941,INC000940,Theft,Accused was seen loitering near a parking lot before removing a laptop and fleeing on a on foot.,none,8
OFF000942,INC000941,Cheating,"Accused posed as a delivery agent and convinced the victim to transfer funds via UPI, then became unreachable.",none,20
OFF000943,INC000942,Kidnapping and Abduction,Offense recorded under Kidnapping and Abduction.,none,55
OFF000944,INC000943,Theft,Accused was seen loitering near a residential lane before removing two mobile phones and fleeing on a bicycle.,none,8
OFF000945,INC000944,Theft,Accused was seen loitering near a bus stop before removing a laptop and fleeing on a auto-rickshaw.,none,8
OFF000946,INC000945,Burglary,Accused gained entry through the kitchen ventilator and removed two mobile phones from the premises while occupants were at work.,none,15
OFF000947,INC000946,Kidnapping and Abduction,Offense recorded under Kidnapping and Abduction.,none,55
OFF000948,INC000947,Theft,Accused was seen loitering near a railway station before removing a laptop and fleeing on a bicycle.,none,8
OFF000949,INC000948,Hurt / Grievous Hurt,"Accused engaged in an altercation with the victim near a market area over an old debt, causing injury with a knife.",none,35
OFF000950,INC000949,Theft,Accused was seen loitering near a market area before removing a laptop and fleeing on a two-wheeler.,none,8
OFF000951,INC000950,Hurt / Grievous Hurt,"Accused engaged in an altercation with the victim near a parking lot over a road-rage incident, causing injury with a sharp weapon.",none,35
OFF000952,INC000951,Theft,Accused was seen loitering near a market area before removing jewellery and fleeing on a two-wheeler.,none,8
OFF000953,INC000952,Hurt / Grievous Hurt,"Accused engaged in an altercation with the victim near a market area over a property boundary, causing injury with a knife.",none,35
OFF000954,INC000953,Cheating,"Accused posed as a government officer and convinced the victim to transfer funds via a fraudulent link, then became unreachable.",none,20
OFF000955,INC000954,Attempt to Murder,Offense recorded under Attempt to Murder.,none,70
OFF000956,INC000955,Theft,Accused was seen loitering near a market area before removing two mobile phones and fleeing on a bicycle.,none,8
OFF000957,INC000956,Kidnapping and Abduction,Offense recorded under Kidnapping and Abduction.,none,55
OFF000958,INC000957,Theft,Accused was seen loitering near a railway station before removing two mobile phones and fleeing on a on foot.,none,8
OFF000959,INC000958,Attempt to Murder,Offense recorded under Attempt to Murder.,none,70
OFF000960,INC000959,Theft,Accused was seen loitering near a bus stop before removing two mobile phones and fleeing on a bicycle.,none,8
OFF000961,INC000960,Theft,Accused was seen loitering near a bus stop before removing cash and electronics and fleeing on a auto-rickshaw.,none,8
OFF000962,INC000961,Theft,Accused was seen loitering near a parking lot before removing a laptop and fleeing on a on foot.,none,8
OFF000963,INC000962,Hurt / Grievous Hurt,"Accused engaged in an altercation with the victim near a residential lane over a family matter, causing injury with a iron rod.",none,35
OFF000964,INC000963,Theft,Accused was seen loitering near a market area before removing a laptop and fleeing on a auto-rickshaw.,none,8
OFF000965,INC000964,Cheating,"Accused posed as a insurance agent and convinced the victim to transfer funds via a fake QR code, then became unreachable.",none,20
OFF000966,INC000965,Theft,Accused was seen loitering near a residential lane before removing jewellery and fleeing on a on foot.,none,8
OFF000967,INC000966,Burglary,Accused gained entry through the kitchen ventilator and removed two mobile phones from the premises while occupants were away.,none,15
OFF000968,INC000967,Rape,Offense recorded under Rape.,none,85
OFF000969,INC000968,Theft,Accused was seen loitering near a railway station before removing two mobile phones and fleeing on a two-wheeler.,none,8
OFF000970,INC000969,Burglary,Accused gained entry through the rear window and removed a bag of valuables from the premises while occupants were away.,none,15
OFF000971,INC000970,Cheating,"Accused posed as a insurance agent and convinced the victim to transfer funds via phone banking, then became unreachable.",none,20
OFF000972,INC000971,Theft,Accused was seen loitering near a bus stop before removing jewellery and fleeing on a on foot.,none,8
OFF000973,INC000972,Cheating,"Accused posed as a delivery agent and convinced the victim to transfer funds via a fake QR code, then became unreachable.",none,20
OFF000974,INC000973,Theft,Accused was seen loitering near a residential lane before removing jewellery and fleeing on a bicycle.,none,8
OFF000975,INC000974,Theft,Accused was seen loitering near a residential lane before removing two mobile phones and fleeing on a two-wheeler.,none,8
OFF000976,INC000975,Theft,Accused was seen loitering near a railway station before removing a laptop and fleeing on a auto-rickshaw.,none,8
OFF000977,INC000976,Rape,Offense recorded under Rape.,none,85
OFF000978,INC000977,Kidnapping and Abduction,Offense recorded under Kidnapping and Abduction.,none,55
OFF000979,INC000978,Theft,Accused was seen loitering near a bus stop before removing cash and electronics and fleeing on a two-wheeler.,none,8
OFF000980,INC000979,Theft,Accused was seen loitering near a railway station before removing jewellery and fleeing on a auto-rickshaw.,none,8
OFF000981,INC000980,Cheating,"Accused posed as a insurance agent and convinced the victim to transfer funds via phone banking, then became unreachable.",none,20
OFF000982,INC000981,Theft,Accused was seen loitering near a residential lane before removing cash and electronics and fleeing on a on foot.,none,8
OFF000983,INC000982,Burglary,Accused gained entry through the unlocked back door and removed cash and electronics from the premises while occupants were at work.,none,15
OFF000984,INC000983,Burglary,Accused gained entry through the rear window and removed a bag of valuables from the premises while occupants were away.,none,15
OFF000985,INC000984,Cheating,"Accused posed as a insurance agent and convinced the victim to transfer funds via a fraudulent link, then became unreachable.",none,20
OFF000986,INC000985,Theft,Accused was seen loitering near a bus stop before removing jewellery and fleeing on a on foot.,none,8
OFF000987,INC000986,Theft,Accused was seen loitering near a residential lane before removing two mobile phones and fleeing on a two-wheeler.,none,8
OFF000988,INC000987,Theft,Accused was seen loitering near a market area before removing cash and electronics and fleeing on a auto-rickshaw.,none,8
OFF000989,INC000988,Theft,Accused was seen loitering near a bus stop before removing a laptop and fleeing on a bicycle.,none,8
OFF000990,INC000989,Cheating,"Accused posed as a bank official and convinced the victim to transfer funds via a fake QR code, then became unreachable.",none,20
OFF000991,INC000990,Theft,Accused was seen loitering near a parking lot before removing a laptop and fleeing on a bicycle.,none,8
OFF000992,INC000991,Theft,Accused was seen loitering near a parking lot before removing a bag of valuables and fleeing on a on foot.,none,8
OFF000993,INC000992,Theft,Accused was seen loitering near a market area before removing jewellery and fleeing on a on foot.,none,8
OFF000994,INC000993,Cheating,"Accused posed as a government officer and convinced the victim to transfer funds via a fraudulent link, then became unreachable.",none,20
OFF000995,INC000994,Theft,Accused was seen loitering near a bus stop before removing cash and electronics and fleeing on a bicycle.,none,8
OFF000996,INC000995,Kidnapping and Abduction,Offense recorded under Kidnapping and Abduction.,none,55
OFF000997,INC000996,Dacoity,Offense recorded under Dacoity.,none,60
OFF000998,INC000997,Burglary,Accused gained entry through the kitchen ventilator and removed a laptop from the premises while occupants were asleep.,none,15
OFF000999,INC000998,Theft,Accused was seen loitering near a residential lane before removing two mobile phones and fleeing on a two-wheeler.,none,8
OFF001000,INC000999,Kidnapping and Abduction,Offense recorded under Kidnapping and Abduction.,none,55
OFF001001,INC001000,Theft,Accused was seen loitering near a market area before removing a bag of valuables and fleeing on a bicycle.,none,8
OFF001002,INC001001,Burglary,Accused gained entry through the rear window and removed cash and electronics from the premises while occupants were asleep.,none,15
OFF001003,INC001002,Hurt / Grievous Hurt,"Accused engaged in an altercation with the victim near a bus stop over an old debt, causing injury with a iron rod.",none,35
OFF001004,INC001003,Rape,Offense recorded under Rape.,none,85
OFF001005,INC001004,Burglary,Accused gained entry through the compound wall and removed cash and electronics from the premises while occupants were away.,none,15
OFF001006,INC001005,Theft,Accused was seen loitering near a market area before removing jewellery and fleeing on a bicycle.,none,8
OFF001007,INC001006,Cheating,"Accused posed as a insurance agent and convinced the victim to transfer funds via phone banking, then became unreachable.",none,20
OFF001008,INC001007,Theft,Accused was seen loitering near a residential lane before removing jewellery and fleeing on a auto-rickshaw.,none,8
OFF001009,INC001008,Theft,Accused was seen loitering near a market area before removing a laptop and fleeing on a two-wheeler.,none,8
OFF001010,INC001009,Theft,Accused was seen loitering near a residential lane before removing a laptop and fleeing on a on foot.,none,8
OFF001011,INC001010,Kidnapping and Abduction,Offense recorded under Kidnapping and Abduction.,none,55
OFF001012,INC001011,Theft,Accused was seen loitering near a parking lot before removing a bag of valuables and fleeing on a two-wheeler.,none,8
OFF001013,INC001012,Criminal Breach of Trust,Offense recorded under Criminal Breach of Trust.,none,25
OFF001014,INC001013,Theft,Accused was seen loitering near a railway station before removing jewellery and fleeing on a bicycle.,none,8
OFF001015,INC001014,Theft,Accused was seen loitering near a residential lane before removing a bag of valuables and fleeing on a two-wheeler.,none,8
OFF001016,INC001015,Theft,Accused was seen loitering near a market area before removing two mobile phones and fleeing on a auto-rickshaw.,none,8
OFF001017,INC001016,Cheating,"Accused posed as a government officer and convinced the victim to transfer funds via a fake QR code, then became unreachable.",none,20
OFF001018,INC001017,Theft,Accused was seen loitering near a parking lot before removing a laptop and fleeing on a two-wheeler.,none,8
OFF001019,INC001018,Arson,Offense recorded under Arson.,none,40
OFF001020,INC001019,Theft,Accused was seen loitering near a railway station before removing a laptop and fleeing on a auto-rickshaw.,none,8
OFF001021,INC001020,Arson,Offense recorded under Arson.,none,40
OFF001022,INC001021,Theft,Accused was seen loitering near a bus stop before removing two mobile phones and fleeing on a auto-rickshaw.,none,8
OFF001023,INC001022,Burglary,Accused gained entry through the compound wall and removed jewellery from the premises while occupants were at work.,none,15
OFF001024,INC001023,Theft,Accused was seen loitering near a railway station before removing two mobile phones and fleeing on a on foot.,none,8
OFF001025,INC001024,Theft,Accused was seen loitering near a parking lot before removing cash and electronics and fleeing on a two-wheeler.,none,8
OFF001026,INC001025,Arson,Offense recorded under Arson.,none,40
OFF001027,INC001026,Kidnapping and Abduction,Offense recorded under Kidnapping and Abduction.,none,55
OFF001028,INC001027,Theft,Accused was seen loitering near a bus stop before removing cash and electronics and fleeing on a on foot.,none,8
OFF001029,INC001028,Theft,Accused was seen loitering near a residential lane before removing cash and electronics and fleeing on a bicycle.,none,8
OFF001030,INC001029,Hurt / Grievous Hurt,"Accused engaged in an altercation with the victim near a market area over a road-rage incident, causing injury with a blunt object.",none,35
OFF001031,INC001030,Riots,Offense recorded under Riots.,none,20
OFF001032,INC001031,Cheating,"Accused posed as a bank official and convinced the victim to transfer funds via UPI, then became unreachable.",none,20
OFF001033,INC001032,Hurt / Grievous Hurt,"Accused engaged in an altercation with the victim near a parking lot over a property boundary, causing injury with a knife.",none,35
OFF001034,INC001033,Kidnapping and Abduction,Offense recorded under Kidnapping and Abduction.,none,55
OFF001035,INC001034,Kidnapping and Abduction,Offense recorded under Kidnapping and Abduction.,none,55
OFF001036,INC001035,Criminal Breach of Trust,Offense recorded under Criminal Breach of Trust.,none,25
OFF001037,INC001036,Riots,Offense recorded under Riots.,none,20
OFF001038,INC001037,Theft,Accused was seen loitering near a bus stop before removing jewellery and fleeing on a bicycle.,none,8
OFF001039,INC001038,Theft,Accused was seen loitering near a railway station before removing a bag of valuables and fleeing on a on foot.,none,8
OFF001040,INC001039,Theft,Accused was seen loitering near a residential lane before removing cash and electronics and fleeing on a bicycle.,none,8
OFF001041,INC001040,Kidnapping and Abduction,Offense recorded under Kidnapping and Abduction.,none,55
OFF001042,INC001041,Theft,Accused was seen loitering near a parking lot before removing two mobile phones and fleeing on a on foot.,none,8
OFF001043,INC001042,Theft,Accused was seen loitering near a railway station before removing a bag of valuables and fleeing on a auto-rickshaw.,none,8
OFF001044,INC001043,Theft,Accused was seen loitering near a railway station before removing a bag of valuables and fleeing on a on foot.,none,8
OFF001045,INC001044,Theft,Accused was seen loitering near a bus stop before removing jewellery and fleeing on a on foot.,none,8
OFF001046,INC001045,Theft,Accused was seen loitering near a bus stop before removing cash and electronics and fleeing on a bicycle.,none,8
OFF001047,INC001046,Hurt / Grievous Hurt,"Accused engaged in an altercation with the victim near a market area over a property boundary, causing injury with a knife.",none,35
OFF001048,INC001047,Theft,Accused was seen loitering near a parking lot before removing jewellery and fleeing on a bicycle.,none,8
OFF001049,INC001048,Theft,Accused was seen loitering near a parking lot before removing a laptop and fleeing on a on foot.,none,8
OFF001050,INC001049,Criminal Breach of Trust,Offense recorded under Criminal Breach of Trust.,none,25
OFF001051,INC001050,Cheating,"Accused posed as a bank official and convinced the victim to transfer funds via a fake QR code, then became unreachable.",none,20
OFF001052,INC001051,Burglary,Accused gained entry through the terrace access and removed cash and electronics from the premises while occupants were away.,none,15
OFF001053,INC001052,Burglary,Accused gained entry through the kitchen ventilator and removed jewellery from the premises while occupants were away.,none,15
OFF001054,INC001053,Theft,Accused was seen loitering near a parking lot before removing two mobile phones and fleeing on a auto-rickshaw.,none,8
OFF001055,INC001054,Kidnapping and Abduction,Offense recorded under Kidnapping and Abduction.,none,55
OFF001056,INC001055,Theft,Accused was seen loitering near a bus stop before removing cash and electronics and fleeing on a auto-rickshaw.,none,8
OFF001057,INC001056,Robbery,"Accused approached the victim near a railway station, threatened them with a sharp weapon, and fled with cash and electronics on a two-wheeler.",none,45
OFF001058,INC001057,Riots,Offense recorded under Riots.,none,20
OFF001059,INC001058,Cheating,"Accused posed as a government officer and convinced the victim to transfer funds via phone banking, then became unreachable.",none,20
OFF001060,INC001059,Criminal Breach of Trust,Offense recorded under Criminal Breach of Trust.,none,25
OFF001061,INC001060,Kidnapping and Abduction,Offense recorded under Kidnapping and Abduction.,none,55
OFF001062,INC001061,Theft,Accused was seen loitering near a railway station before removing jewellery and fleeing on a two-wheeler.,none,8
OFF001063,INC001062,Dowry Death,Offense recorded under Dowry Death.,none,90
OFF001064,INC001063,Theft,Accused was seen loitering near a railway station before removing a laptop and fleeing on a auto-rickshaw.,none,8
OFF001065,INC001064,Theft,Accused was seen loitering near a railway station before removing a laptop and fleeing on a on foot.,none,8
OFF001066,INC001065,Burglary,Accused gained entry through the compound wall and removed two mobile phones from the premises while occupants were at work.,none,15
OFF001067,INC001066,Theft,Accused was seen loitering near a market area before removing two mobile phones and fleeing on a bicycle.,none,8
OFF001068,INC001067,Theft,Accused was seen loitering near a railway station before removing a bag of valuables and fleeing on a on foot.,none,8
OFF001069,INC001068,Kidnapping and Abduction,Offense recorded under Kidnapping and Abduction.,none,55
OFF001070,INC001069,Attempt to Murder,Offense recorded under Attempt to Murder.,none,70
OFF001071,INC001070,Theft,Accused was seen loitering near a residential lane before removing a laptop and fleeing on a bicycle.,none,8
OFF001072,INC001071,Theft,Accused was seen loitering near a residential lane before removing cash and electronics and fleeing on a bicycle.,none,8
OFF001073,INC001072,Theft,Accused was seen loitering near a parking lot before removing cash and electronics and fleeing on a auto-rickshaw.,none,8
OFF001074,INC001073,Theft,Accused was seen loitering near a residential lane before removing a laptop and fleeing on a on foot.,none,8
OFF001075,INC001074,Theft,Accused was seen loitering near a residential lane before removing jewellery and fleeing on a two-wheeler.,none,8
OFF001076,INC001075,Theft,Accused was seen loitering near a market area before removing a laptop and fleeing on a auto-rickshaw.,none,8
OFF001077,INC001076,Theft,Accused was seen loitering near a bus stop before removing a bag of valuables and fleeing on a bicycle.,none,8
OFF001078,INC001077,Theft,Accused was seen loitering near a railway station before removing cash and electronics and fleeing on a auto-rickshaw.,none,8
OFF001079,INC001078,Hurt / Grievous Hurt,"Accused engaged in an altercation with the victim near a bus stop over an old debt, causing injury with a blunt object.",none,35
OFF001080,INC001079,Theft,Accused was seen loitering near a bus stop before removing jewellery and fleeing on a auto-rickshaw.,none,8
OFF001081,INC001080,Cheating,"Accused posed as a delivery agent and convinced the victim to transfer funds via phone banking, then became unreachable.",none,20
OFF001082,INC001081,Theft,Accused was seen loitering near a residential lane before removing a bag of valuables and fleeing on a bicycle.,none,8
OFF001083,INC001082,Cheating,"Accused posed as a bank official and convinced the victim to transfer funds via a fraudulent link, then became unreachable.",none,20
OFF001084,INC001083,Burglary,Accused gained entry through the rear window and removed a laptop from the premises while occupants were asleep.,none,15
OFF001085,INC001084,Kidnapping and Abduction,Offense recorded under Kidnapping and Abduction.,none,55
OFF001086,INC001085,Theft,Accused was seen loitering near a parking lot before removing cash and electronics and fleeing on a auto-rickshaw.,none,8
OFF001087,INC001086,Theft,Accused was seen loitering near a market area before removing a laptop and fleeing on a two-wheeler.,none,8
OFF001088,INC001087,Theft,Accused was seen loitering near a railway station before removing jewellery and fleeing on a two-wheeler.,none,8
OFF001089,INC001088,Kidnapping and Abduction,Offense recorded under Kidnapping and Abduction.,none,55
OFF001090,INC001089,Robbery,"Accused approached the victim near a residential lane, threatened them with a blunt object, and fled with two mobile phones on a bicycle.",none,45
OFF001091,INC001090,Theft,Accused was seen loitering near a parking lot before removing two mobile phones and fleeing on a auto-rickshaw.,none,8
OFF001092,INC001091,Burglary,Accused gained entry through the kitchen ventilator and removed a bag of valuables from the premises while occupants were at work.,none,15
OFF001093,INC001092,Dacoity,Offense recorded under Dacoity.,none,60
OFF001094,INC001093,Theft,Accused was seen loitering near a residential lane before removing a bag of valuables and fleeing on a auto-rickshaw.,none,8
OFF001095,INC001094,Theft,Accused was seen loitering near a residential lane before removing two mobile phones and fleeing on a auto-rickshaw.,none,8
OFF001096,INC001095,Theft,Accused was seen loitering near a market area before removing two mobile phones and fleeing on a on foot.,none,8
OFF001097,INC001096,Theft,Accused was seen loitering near a railway station before removing two mobile phones and fleeing on a bicycle.,none,8
OFF001098,INC001097,Cheating,"Accused posed as a government officer and convinced the victim to transfer funds via phone banking, then became unreachable.",none,20
OFF001099,INC001098,Theft,Accused was seen loitering near a railway station before removing a bag of valuables and fleeing on a auto-rickshaw.,none,8
OFF001100,INC001099,Theft,Accused was seen loitering near a market area before removing two mobile phones and fleeing on a bicycle.,none,8
OFF001101,INC001100,Kidnapping and Abduction,Offense recorded under Kidnapping and Abduction.,none,55
OFF001102,INC001101,Burglary,Accused gained entry through the rear window and removed a bag of valuables from the premises while occupants were asleep.,none,15
OFF001103,INC001102,Kidnapping and Abduction,Offense recorded under Kidnapping and Abduction.,none,55
OFF001104,INC001103,Kidnapping and Abduction,Offense recorded under Kidnapping and Abduction.,none,55
OFF001105,INC001104,Kidnapping and Abduction,Offense recorded under Kidnapping and Abduction.,none,55
OFF001106,INC001105,Hurt / Grievous Hurt,"Accused engaged in an altercation with the victim near a residential lane over a road-rage incident, causing injury with a knife.",none,35
OFF001107,INC001106,Cheating,"Accused posed as a bank official and convinced the victim to transfer funds via UPI, then became unreachable.",none,20
OFF001108,INC001107,Theft,Accused was seen loitering near a market area before removing a bag of valuables and fleeing on a bicycle.,none,8
OFF001109,INC001108,Dowry Death,Offense recorded under Dowry Death.,none,90
OFF001110,INC001109,Murder,Offense recorded under Murder.,none,100
OFF001111,INC001110,Theft,Accused was seen loitering near a bus stop before removing jewellery and fleeing on a auto-rickshaw.,none,8
OFF001112,INC001111,Theft,Accused was seen loitering near a market area before removing cash and electronics and fleeing on a bicycle.,none,8
OFF001113,INC001112,Theft,Accused was seen loitering near a bus stop before removing jewellery and fleeing on a two-wheeler.,none,8
OFF001114,INC001113,Hurt / Grievous Hurt,"Accused engaged in an altercation with the victim near a bus stop over a property boundary, causing injury with a iron rod.",none,35
OFF001115,INC001114,Theft,Accused was seen loitering near a residential lane before removing a laptop and fleeing on a bicycle.,none,8
OFF001116,INC001115,Cheating,"Accused posed as a bank official and convinced the victim to transfer funds via UPI, then became unreachable.",none,20
OFF001117,INC001116,Theft,Accused was seen loitering near a parking lot before removing two mobile phones and fleeing on a bicycle.,none,8
OFF001118,INC001117,Cheating,"Accused posed as a insurance agent and convinced the victim to transfer funds via UPI, then became unreachable.",none,20
OFF001119,INC001118,Rape,Offense recorded under Rape.,none,85
OFF001120,INC001119,Theft,Accused was seen loitering near a bus stop before removing two mobile phones and fleeing on a two-wheeler.,none,8
OFF001121,INC001120,Theft,Accused was seen loitering near a bus stop before removing a laptop and fleeing on a two-wheeler.,none,8
OFF001122,INC001121,Cheating,"Accused posed as a bank official and convinced the victim to transfer funds via a fake QR code, then became unreachable.",none,20
OFF001123,INC001122,Rape,Offense recorded under Rape.,none,85
OFF001124,INC001123,Theft,Accused was seen loitering near a railway station before removing jewellery and fleeing on a two-wheeler.,none,8
OFF001125,INC001124,Theft,Accused was seen loitering near a bus stop before removing a bag of valuables and fleeing on a bicycle.,none,8
OFF001126,INC001125,Cheating,"Accused posed as a insurance agent and convinced the victim to transfer funds via phone banking, then became unreachable.",none,20
OFF001127,INC001126,Theft,Accused was seen loitering near a parking lot before removing two mobile phones and fleeing on a auto-rickshaw.,none,8
OFF001128,INC001127,Theft,Accused was seen loitering near a railway station before removing a bag of valuables and fleeing on a bicycle.,none,8
OFF001129,INC001128,Burglary,Accused gained entry through the rear window and removed a bag of valuables from the premises while occupants were asleep.,none,15
OFF001130,INC001129,Kidnapping and Abduction,Offense recorded under Kidnapping and Abduction.,none,55
OFF001131,INC001130,Riots,Offense recorded under Riots.,none,20
OFF001132,INC001131,Kidnapping and Abduction,Offense recorded under Kidnapping and Abduction.,none,55
OFF001133,INC001132,Theft,Accused was seen loitering near a railway station before removing a laptop and fleeing on a two-wheeler.,none,8
OFF001134,INC001133,Riots,Offense recorded under Riots.,none,20
OFF001135,INC001134,Murder,Offense recorded under Murder.,none,100
OFF001136,INC001135,Theft,Accused was seen loitering near a residential lane before removing cash and electronics and fleeing on a on foot.,none,8
OFF001137,INC001136,Kidnapping and Abduction,Offense recorded under Kidnapping and Abduction.,none,55
OFF001138,INC001137,Theft,Accused was seen loitering near a market area before removing jewellery and fleeing on a two-wheeler.,none,8
OFF001139,INC001138,Theft,Accused was seen loitering near a residential lane before removing cash and electronics and fleeing on a bicycle.,none,8
OFF001140,INC001139,Cheating,"Accused posed as a insurance agent and convinced the victim to transfer funds via a fake QR code, then became unreachable.",none,20
OFF001141,INC001140,Murder,Offense recorded under Murder.,none,100
OFF001142,INC001141,Theft,Accused was seen loitering near a railway station before removing two mobile phones and fleeing on a auto-rickshaw.,none,8
OFF001143,INC001142,Kidnapping and Abduction,Offense recorded under Kidnapping and Abduction.,none,55
OFF001144,INC001143,Theft,Accused was seen loitering near a residential lane before removing jewellery and fleeing on a two-wheeler.,none,8
OFF001145,INC001144,Theft,Accused was seen loitering near a market area before removing cash and electronics and fleeing on a on foot.,none,8
OFF001146,INC001145,Theft,Accused was seen loitering near a residential lane before removing a laptop and fleeing on a two-wheeler.,none,8
OFF001147,INC001146,Attempt to Murder,Offense recorded under Attempt to Murder.,none,70
OFF001148,INC001147,Cheating,"Accused posed as a bank official and convinced the victim to transfer funds via UPI, then became unreachable.",none,20
OFF001149,INC001148,Theft,Accused was seen loitering near a parking lot before removing jewellery and fleeing on a bicycle.,none,8
OFF001150,INC001149,Theft,Accused was seen loitering near a railway station before removing a bag of valuables and fleeing on a bicycle.,none,8
OFF001151,INC001150,Kidnapping and Abduction,Offense recorded under Kidnapping and Abduction.,none,55
OFF001152,INC001151,Dowry Death,Offense recorded under Dowry Death.,none,90
OFF001153,INC001152,Kidnapping and Abduction,Offense recorded under Kidnapping and Abduction.,none,55
OFF001154,INC001153,Burglary,Accused gained entry through the unlocked back door and removed cash and electronics from the premises while occupants were asleep.,none,15
OFF001155,INC001154,Theft,Accused was seen loitering near a bus stop before removing a laptop and fleeing on a bicycle.,none,8
OFF001156,INC001155,Theft,Accused was seen loitering near a residential lane before removing two mobile phones and fleeing on a auto-rickshaw.,none,8
OFF001157,INC001156,Criminal Breach of Trust,Offense recorded under Criminal Breach of Trust.,none,25
OFF001158,INC001157,Attempt to Murder,Offense recorded under Attempt to Murder.,none,70
OFF001159,INC001158,Criminal Breach of Trust,Offense recorded under Criminal Breach of Trust.,none,25
OFF001160,INC001159,Kidnapping and Abduction,Offense recorded under Kidnapping and Abduction.,none,55
OFF001161,INC001160,Murder,Offense recorded under Murder.,none,100
OFF001162,INC001161,Robbery,"Accused approached the victim near a parking lot, threatened them with a blunt object, and fled with two mobile phones on a on foot.",none,45
OFF001163,INC001162,Cheating,"Accused posed as a bank official and convinced the victim to transfer funds via UPI, then became unreachable.",none,20
OFF001164,INC001163,Theft,Accused was seen loitering near a bus stop before removing jewellery and fleeing on a bicycle.,none,8
OFF001165,INC001164,Theft,Accused was seen loitering near a parking lot before removing jewellery and fleeing on a bicycle.,none,8
OFF001166,INC001165,Theft,Accused was seen loitering near a market area before removing a laptop and fleeing on a auto-rickshaw.,none,8
OFF001167,INC001166,Theft,Accused was seen loitering near a market area before removing a laptop and fleeing on a on foot.,none,8
OFF001168,INC001167,Theft,Accused was seen loitering near a parking lot before removing a bag of valuables and fleeing on a on foot.,none,8
OFF001169,INC001168,Cheating,"Accused posed as a government officer and convinced the victim to transfer funds via UPI, then became unreachable.",none,20
OFF001170,INC001169,Burglary,Accused gained entry through the kitchen ventilator and removed jewellery from the premises while occupants were asleep.,none,15
OFF001171,INC001170,Cheating,"Accused posed as a government officer and convinced the victim to transfer funds via UPI, then became unreachable.",none,20
OFF001172,INC001171,Hurt / Grievous Hurt,"Accused engaged in an altercation with the victim near a railway station over a road-rage incident, causing injury with a iron rod.",none,35
OFF001173,INC001172,Theft,Accused was seen loitering near a railway station before removing cash and electronics and fleeing on a two-wheeler.,none,8
OFF001174,INC001173,Kidnapping and Abduction,Offense recorded under Kidnapping and Abduction.,none,55
OFF001175,INC001174,Kidnapping and Abduction,Offense recorded under Kidnapping and Abduction.,none,55
OFF001176,INC001175,Burglary,Accused gained entry through the rear window and removed a bag of valuables from the premises while occupants were at work.,none,15
OFF001177,INC001176,Burglary,Accused gained entry through the rear window and removed cash and electronics from the premises while occupants were away.,none,15
OFF001178,INC001177,Burglary,Accused gained entry through the kitchen ventilator and removed jewellery from the premises while occupants were away.,none,15
OFF001179,INC001178,Theft,Accused was seen loitering near a bus stop before removing a bag of valuables and fleeing on a on foot.,none,8
OFF001180,INC001179,Burglary,Accused gained entry through the compound wall and removed a laptop from the premises while occupants were asleep.,none,15
OFF001181,INC001180,Theft,Accused was seen loitering near a bus stop before removing a laptop and fleeing on a two-wheeler.,none,8
OFF001182,INC001181,Hurt / Grievous Hurt,"Accused engaged in an altercation with the victim near a bus stop over a road-rage incident, causing injury with a blunt object.",none,35
OFF001183,INC001182,Theft,Accused was seen loitering near a residential lane before removing a laptop and fleeing on a two-wheeler.,none,8
OFF001184,INC001183,Theft,Accused was seen loitering near a parking lot before removing a laptop and fleeing on a auto-rickshaw.,none,8
OFF001185,INC001184,Theft,Accused was seen loitering near a railway station before removing jewellery and fleeing on a auto-rickshaw.,none,8
OFF001186,INC001185,Cheating,"Accused posed as a bank official and convinced the victim to transfer funds via UPI, then became unreachable.",none,20
OFF001187,INC001186,Theft,Accused was seen loitering near a railway station before removing two mobile phones and fleeing on a bicycle.,none,8
OFF001188,INC001187,Hurt / Grievous Hurt,"Accused engaged in an altercation with the victim near a market area over a road-rage incident, causing injury with a knife.",none,35
OFF001189,INC001188,Cheating,"Accused posed as a delivery agent and convinced the victim to transfer funds via a fake QR code, then became unreachable.",none,20
OFF001190,INC001189,Theft,Accused was seen loitering near a railway station before removing a laptop and fleeing on a auto-rickshaw.,none,8
OFF001191,INC001190,Kidnapping and Abduction,Offense recorded under Kidnapping and Abduction.,none,55
OFF001192,INC001191,Murder,Offense recorded under Murder.,none,100
OFF001193,INC001192,Burglary,Accused gained entry through the kitchen ventilator and removed a laptop from the premises while occupants were asleep.,none,15
OFF001194,INC001193,Theft,Accused was seen loitering near a bus stop before removing cash and electronics and fleeing on a auto-rickshaw.,none,8
OFF001195,INC001194,Murder,Offense recorded under Murder.,none,100
OFF001196,INC001195,Robbery,"Accused approached the victim near a parking lot, threatened them with a iron rod, and fled with jewellery on a bicycle.",none,45
OFF001197,INC001196,Hurt / Grievous Hurt,"Accused engaged in an altercation with the victim near a residential lane over a road-rage incident, causing injury with a blunt object.",none,35
OFF001198,INC001197,Theft,Accused was seen loitering near a railway station before removing two mobile phones and fleeing on a on foot.,none,8
OFF001199,INC001198,Attempt to Murder,Offense recorded under Attempt to Murder.,none,70
OFF001200,INC001199,Theft,Accused was seen loitering near a residential lane before removing cash and electronics and fleeing on a bicycle.,none,8
OFF001201,INC001200,Theft,Accused was seen loitering near a residential lane before removing two mobile phones and fleeing on a auto-rickshaw.,none,8
OFF001202,INC001201,Theft,Accused was seen loitering near a bus stop before removing a bag of valuables and fleeing on a bicycle.,none,8
OFF001203,INC001202,Theft,Accused was seen loitering near a railway station before removing cash and electronics and fleeing on a auto-rickshaw.,none,8
OFF001204,INC001203,Rape,Offense recorded under Rape.,none,85
OFF001205,INC001204,Hurt / Grievous Hurt,"Accused engaged in an altercation with the victim near a parking lot over an old debt, causing injury with a sharp weapon.",none,35
OFF001206,INC001205,Dowry Death,Offense recorded under Dowry Death.,none,90
OFF001207,INC001206,Cheating,"Accused posed as a bank official and convinced the victim to transfer funds via a fake QR code, then became unreachable.",none,20
OFF001208,INC001207,Theft,Accused was seen loitering near a parking lot before removing a laptop and fleeing on a bicycle.,none,8
OFF001209,INC001208,Theft,Accused was seen loitering near a market area before removing a bag of valuables and fleeing on a bicycle.,none,8
OFF001210,INC001209,Murder,Offense recorded under Murder.,none,100
OFF001211,INC001210,Hurt / Grievous Hurt,"Accused engaged in an altercation with the victim near a bus stop over an old debt, causing injury with a knife.",none,35
OFF001212,INC001211,Theft,Accused was seen loitering near a bus stop before removing a laptop and fleeing on a bicycle.,none,8
OFF001213,INC001212,Theft,Accused was seen loitering near a parking lot before removing jewellery and fleeing on a on foot.,none,8
OFF001214,INC001213,Theft,Accused was seen loitering near a bus stop before removing a laptop and fleeing on a bicycle.,none,8
OFF001215,INC001214,Kidnapping and Abduction,Offense recorded under Kidnapping and Abduction.,none,55
OFF001216,INC001215,Theft,Accused was seen loitering near a parking lot before removing two mobile phones and fleeing on a bicycle.,none,8
OFF001217,INC001216,Burglary,Accused gained entry through the unlocked back door and removed jewellery from the premises while occupants were away.,none,15
OFF001218,INC001217,Burglary,Accused gained entry through the kitchen ventilator and removed jewellery from the premises while occupants were away.,none,15
OFF001219,INC001218,Cheating,"Accused posed as a insurance agent and convinced the victim to transfer funds via UPI, then became unreachable.",none,20
OFF001220,INC001219,Burglary,Accused gained entry through the kitchen ventilator and removed two mobile phones from the premises while occupants were at work.,none,15
OFF001221,INC001220,Theft,Accused was seen loitering near a residential lane before removing jewellery and fleeing on a two-wheeler.,none,8
OFF001222,INC001221,Theft,Accused was seen loitering near a bus stop before removing jewellery and fleeing on a two-wheeler.,none,8
OFF001223,INC001222,Theft,Accused was seen loitering near a parking lot before removing jewellery and fleeing on a bicycle.,none,8
OFF001224,INC001223,Theft,Accused was seen loitering near a railway station before removing cash and electronics and fleeing on a on foot.,none,8
OFF001225,INC001224,Dowry Death,Offense recorded under Dowry Death.,none,90
OFF001226,INC001225,Theft,Accused was seen loitering near a market area before removing a laptop and fleeing on a auto-rickshaw.,none,8
OFF001227,INC001226,Kidnapping and Abduction,Offense recorded under Kidnapping and Abduction.,none,55
OFF001228,INC001227,Theft,Accused was seen loitering near a bus stop before removing cash and electronics and fleeing on a two-wheeler.,none,8
OFF001229,INC001228,Theft,Accused was seen loitering near a bus stop before removing jewellery and fleeing on a bicycle.,none,8
OFF001230,INC001229,Theft,Accused was seen loitering near a parking lot before removing a laptop and fleeing on a auto-rickshaw.,none,8
OFF001231,INC001230,Theft,Accused was seen loitering near a parking lot before removing a bag of valuables and fleeing on a on foot.,none,8
OFF001232,INC001231,Attempt to Murder,Offense recorded under Attempt to Murder.,none,70
OFF001233,INC001232,Theft,Accused was seen loitering near a bus stop before removing cash and electronics and fleeing on a two-wheeler.,none,8
OFF001234,INC001233,Riots,Offense recorded under Riots.,none,20
OFF001235,INC001234,Theft,Accused was seen loitering near a railway station before removing a laptop and fleeing on a two-wheeler.,none,8
OFF001236,INC001235,Theft,Accused was seen loitering near a parking lot before removing jewellery and fleeing on a on foot.,none,8
OFF001237,INC001236,Burglary,Accused gained entry through the terrace access and removed cash and electronics from the premises while occupants were at work.,none,15
OFF001238,INC001237,Riots,Offense recorded under Riots.,none,20
OFF001239,INC001238,Theft,Accused was seen loitering near a market area before removing a bag of valuables and fleeing on a on foot.,none,8
OFF001240,INC001239,Robbery,"Accused approached the victim near a market area, threatened them with a iron rod, and fled with jewellery on a auto-rickshaw.",none,45
OFF001241,INC001240,Theft,Accused was seen loitering near a parking lot before removing jewellery and fleeing on a bicycle.,none,8
OFF001242,INC001241,Cheating,"Accused posed as a government officer and convinced the victim to transfer funds via phone banking, then became unreachable.",none,20
OFF001243,INC001242,Cheating,"Accused posed as a government officer and convinced the victim to transfer funds via a fake QR code, then became unreachable.",none,20
OFF001244,INC001243,Hurt / Grievous Hurt,"Accused engaged in an altercation with the victim near a parking lot over a family matter, causing injury with a iron rod.",none,35
OFF001245,INC001244,Cheating,"Accused posed as a government officer and convinced the victim to transfer funds via UPI, then became unreachable.",none,20
OFF001246,INC001245,Theft,Accused was seen loitering near a bus stop before removing cash and electronics and fleeing on a auto-rickshaw.,none,8
OFF001247,INC001246,Theft,Accused was seen loitering near a railway station before removing cash and electronics and fleeing on a two-wheeler.,none,8
OFF001248,INC001247,Theft,Accused was seen loitering near a residential lane before removing a laptop and fleeing on a auto-rickshaw.,none,8
OFF001249,INC001248,Theft,Accused was seen loitering near a bus stop before removing jewellery and fleeing on a auto-rickshaw.,none,8
OFF001250,INC001249,Theft,Accused was seen loitering near a bus stop before removing two mobile phones and fleeing on a auto-rickshaw.,none,8
OFF001251,INC001250,Hurt / Grievous Hurt,"Accused engaged in an altercation with the victim near a bus stop over a road-rage incident, causing injury with a knife.",none,35
OFF001252,INC001251,Theft,Accused was seen loitering near a market area before removing jewellery and fleeing on a two-wheeler.,none,8
OFF001253,INC001252,Burglary,Accused gained entry through the kitchen ventilator and removed two mobile phones from the premises while occupants were at work.,none,15
OFF001254,INC001253,Criminal Breach of Trust,Offense recorded under Criminal Breach of Trust.,none,25
OFF001255,INC001254,Cheating,"Accused posed as a insurance agent and convinced the victim to transfer funds via a fraudulent link, then became unreachable.",none,20
OFF001256,INC001255,Criminal Breach of Trust,Offense recorded under Criminal Breach of Trust.,none,25
OFF001257,INC001256,Rape,Offense recorded under Rape.,none,85
OFF001258,INC001257,Theft,Accused was seen loitering near a railway station before removing jewellery and fleeing on a auto-rickshaw.,none,8
OFF001259,INC001258,Theft,Accused was seen loitering near a parking lot before removing a bag of valuables and fleeing on a auto-rickshaw.,none,8
OFF001260,INC001259,Burglary,Accused gained entry through the kitchen ventilator and removed cash and electronics from the premises while occupants were away.,none,15
OFF001261,INC001260,Hurt / Grievous Hurt,"Accused engaged in an altercation with the victim near a bus stop over a family matter, causing injury with a sharp weapon.",none,35
OFF001262,INC001261,Cheating,"Accused posed as a delivery agent and convinced the victim to transfer funds via phone banking, then became unreachable.",none,20
OFF001263,INC001262,Cheating,"Accused posed as a bank official and convinced the victim to transfer funds via a fraudulent link, then became unreachable.",none,20
OFF001264,INC001263,Burglary,Accused gained entry through the terrace access and removed a laptop from the premises while occupants were asleep.,none,15
OFF001265,INC001264,Theft,Accused was seen loitering near a bus stop before removing jewellery and fleeing on a bicycle.,none,8
OFF001266,INC001265,Theft,Accused was seen loitering near a bus stop before removing a laptop and fleeing on a two-wheeler.,none,8
OFF001267,INC001266,Cheating,"Accused posed as a bank official and convinced the victim to transfer funds via a fraudulent link, then became unreachable.",none,20
OFF001268,INC001267,Theft,Accused was seen loitering near a bus stop before removing jewellery and fleeing on a on foot.,none,8
OFF001269,INC001268,Theft,Accused was seen loitering near a residential lane before removing two mobile phones and fleeing on a on foot.,none,8
OFF001270,INC001269,Robbery,"Accused approached the victim near a market area, threatened them with a iron rod, and fled with a bag of valuables on a bicycle.",none,45
OFF001271,INC001270,Theft,Accused was seen loitering near a parking lot before removing a laptop and fleeing on a on foot.,none,8
OFF001272,INC001271,Theft,Accused was seen loitering near a railway station before removing two mobile phones and fleeing on a bicycle.,none,8
OFF001273,INC001272,Hurt / Grievous Hurt,"Accused engaged in an altercation with the victim near a market area over an old debt, causing injury with a sharp weapon.",none,35
OFF001274,INC001273,Theft,Accused was seen loitering near a bus stop before removing cash and electronics and fleeing on a on foot.,none,8
OFF001275,INC001274,Theft,Accused was seen loitering near a railway station before removing a laptop and fleeing on a two-wheeler.,none,8
OFF001276,INC001275,Theft,Accused was seen loitering near a residential lane before removing a bag of valuables and fleeing on a bicycle.,none,8
OFF001277,INC001276,Hurt / Grievous Hurt,"Accused engaged in an altercation with the victim near a residential lane over an old debt, causing injury with a knife.",none,35
OFF001278,INC001277,Burglary,Accused gained entry through the unlocked back door and removed two mobile phones from the premises while occupants were asleep.,none,15
OFF001279,INC001278,Burglary,Accused gained entry through the compound wall and removed a bag of valuables from the premises while occupants were at work.,none,15
OFF001280,INC001279,Theft,Accused was seen loitering near a market area before removing two mobile phones and fleeing on a bicycle.,none,8
OFF001281,INC001280,Murder,Offense recorded under Murder.,none,100
OFF001282,INC001281,Rape,Offense recorded under Rape.,none,85
OFF001283,INC001282,Riots,Offense recorded under Riots.,none,20
OFF001284,INC001283,Theft,Accused was seen loitering near a residential lane before removing a laptop and fleeing on a on foot.,none,8
OFF001285,INC001284,Hurt / Grievous Hurt,"Accused engaged in an altercation with the victim near a residential lane over a road-rage incident, causing injury with a iron rod.",none,35
OFF001286,INC001285,Rape,Offense recorded under Rape.,none,85
OFF001287,INC001286,Theft,Accused was seen loitering near a parking lot before removing jewellery and fleeing on a auto-rickshaw.,none,8
OFF001288,INC001287,Theft,Accused was seen loitering near a bus stop before removing two mobile phones and fleeing on a on foot.,none,8
OFF001289,INC001288,Theft,Accused was seen loitering near a residential lane before removing two mobile phones and fleeing on a two-wheeler.,none,8
OFF001290,INC001289,Cheating,"Accused posed as a delivery agent and convinced the victim to transfer funds via a fake QR code, then became unreachable.",none,20
OFF001291,INC001290,Dowry Death,Offense recorded under Dowry Death.,none,90
OFF001292,INC001291,Theft,Accused was seen loitering near a bus stop before removing cash and electronics and fleeing on a two-wheeler.,none,8
OFF001293,INC001292,Cheating,"Accused posed as a delivery agent and convinced the victim to transfer funds via a fake QR code, then became unreachable.",none,20
OFF001294,INC001293,Burglary,Accused gained entry through the rear window and removed cash and electronics from the premises while occupants were away.,none,15
OFF001295,INC001294,Theft,Accused was seen loitering near a market area before removing jewellery and fleeing on a on foot.,none,8
OFF001296,INC001295,Theft,Accused was seen loitering near a railway station before removing a laptop and fleeing on a on foot.,none,8
OFF001297,INC001296,Theft,Accused was seen loitering near a market area before removing cash and electronics and fleeing on a two-wheeler.,none,8
OFF001298,INC001297,Theft,Accused was seen loitering near a parking lot before removing cash and electronics and fleeing on a auto-rickshaw.,none,8
OFF001299,INC001298,Theft,Accused was seen loitering near a bus stop before removing a laptop and fleeing on a on foot.,none,8
OFF001300,INC001299,Theft,Accused was seen loitering near a railway station before removing a bag of valuables and fleeing on a bicycle.,none,8
OFF001301,INC001300,Riots,Offense recorded under Riots.,none,20
OFF001302,INC001301,Cheating,"Accused posed as a government officer and convinced the victim to transfer funds via a fake QR code, then became unreachable.",none,20
OFF001303,INC001302,Burglary,Accused gained entry through the unlocked back door and removed a laptop from the premises while occupants were asleep.,none,15
OFF001304,INC001303,Theft,Accused was seen loitering near a parking lot before removing a laptop and fleeing on a bicycle.,none,8
OFF001305,INC001304,Theft,Accused was seen loitering near a residential lane before removing cash and electronics and fleeing on a on foot.,none,8
OFF001306,INC001305,Rape,Offense recorded under Rape.,none,85
OFF001307,INC001306,Kidnapping and Abduction,Offense recorded under Kidnapping and Abduction.,none,55
OFF001308,INC001307,Kidnapping and Abduction,Offense recorded under Kidnapping and Abduction.,none,55
OFF001309,INC001308,Theft,Accused was seen loitering near a bus stop before removing two mobile phones and fleeing on a bicycle.,none,8
OFF001310,INC001309,Theft,Accused was seen loitering near a railway station before removing cash and electronics and fleeing on a two-wheeler.,none,8
OFF001311,INC001310,Theft,Accused was seen loitering near a residential lane before removing cash and electronics and fleeing on a auto-rickshaw.,none,8
OFF001312,INC001311,Dowry Death,Offense recorded under Dowry Death.,none,90
OFF001313,INC001312,Theft,Accused was seen loitering near a residential lane before removing a bag of valuables and fleeing on a on foot.,none,8
OFF001314,INC001313,Theft,Accused was seen loitering near a parking lot before removing a laptop and fleeing on a bicycle.,none,8
OFF001315,INC001314,Kidnapping and Abduction,Offense recorded under Kidnapping and Abduction.,none,55
OFF001316,INC001315,Burglary,Accused gained entry through the rear window and removed a laptop from the premises while occupants were at work.,none,15
OFF001317,INC001316,Theft,Accused was seen loitering near a parking lot before removing jewellery and fleeing on a on foot.,none,8
OFF001318,INC001317,Burglary,Accused gained entry through the terrace access and removed two mobile phones from the premises while occupants were asleep.,none,15
OFF001319,INC001318,Robbery,"Accused approached the victim near a market area, threatened them with a blunt object, and fled with jewellery on a two-wheeler.",none,45
OFF001320,INC001319,Theft,Accused was seen loitering near a parking lot before removing cash and electronics and fleeing on a two-wheeler.,none,8
OFF001321,INC001320,Theft,Accused was seen loitering near a market area before removing a bag of valuables and fleeing on a on foot.,none,8
OFF001322,INC001321,Cheating,"Accused posed as a delivery agent and convinced the victim to transfer funds via a fake QR code, then became unreachable.",none,20
OFF001323,INC001322,Kidnapping and Abduction,Offense recorded under Kidnapping and Abduction.,none,55
OFF001324,INC001323,Theft,Accused was seen loitering near a railway station before removing a laptop and fleeing on a on foot.,none,8
OFF001325,INC001324,Attempt to Murder,Offense recorded under Attempt to Murder.,none,70
OFF001326,INC001325,Hurt / Grievous Hurt,"Accused engaged in an altercation with the victim near a bus stop over a road-rage incident, causing injury with a iron rod.",none,35
OFF001327,INC001326,Theft,Accused was seen loitering near a residential lane before removing a bag of valuables and fleeing on a auto-rickshaw.,none,8
OFF001328,INC001327,Theft,Accused was seen loitering near a market area before removing cash and electronics and fleeing on a bicycle.,none,8
OFF001329,INC001328,Burglary,Accused gained entry through the unlocked back door and removed two mobile phones from the premises while occupants were at work.,none,15
OFF001330,INC001329,Theft,Accused was seen loitering near a bus stop before removing jewellery and fleeing on a on foot.,none,8
OFF001331,INC001330,Cheating,"Accused posed as a government officer and convinced the victim to transfer funds via UPI, then became unreachable.",none,20
OFF001332,INC001331,Theft,Accused was seen loitering near a residential lane before removing a bag of valuables and fleeing on a two-wheeler.,none,8
OFF001333,INC001332,Dacoity,Offense recorded under Dacoity.,none,60
OFF001334,INC001333,Theft,Accused was seen loitering near a residential lane before removing a bag of valuables and fleeing on a two-wheeler.,none,8
OFF001335,INC001334,Theft,Accused was seen loitering near a bus stop before removing a bag of valuables and fleeing on a on foot.,none,8
OFF001336,INC001335,Attempt to Murder,Offense recorded under Attempt to Murder.,none,70
OFF001337,INC001336,Burglary,Accused gained entry through the unlocked back door and removed two mobile phones from the premises while occupants were asleep.,none,15
OFF001338,INC001337,Cheating,"Accused posed as a bank official and convinced the victim to transfer funds via UPI, then became unreachable.",none,20
OFF001339,INC001338,Theft,Accused was seen loitering near a parking lot before removing cash and electronics and fleeing on a two-wheeler.,none,8
OFF001340,INC001339,Hurt / Grievous Hurt,"Accused engaged in an altercation with the victim near a residential lane over an old debt, causing injury with a blunt object.",none,35
OFF001341,INC001340,Murder,Offense recorded under Murder.,none,100
OFF001342,INC001341,Theft,Accused was seen loitering near a residential lane before removing a laptop and fleeing on a bicycle.,none,8
OFF001343,INC001342,Theft,Accused was seen loitering near a market area before removing cash and electronics and fleeing on a bicycle.,none,8
OFF001344,INC001343,Kidnapping and Abduction,Offense recorded under Kidnapping and Abduction.,none,55
OFF001345,INC001344,Hurt / Grievous Hurt,"Accused engaged in an altercation with the victim near a railway station over a family matter, causing injury with a iron rod.",none,35
OFF001346,INC001345,Theft,Accused was seen loitering near a parking lot before removing cash and electronics and fleeing on a bicycle.,none,8
OFF001347,INC001346,Rape,Offense recorded under Rape.,none,85
OFF001348,INC001347,Theft,Accused was seen loitering near a parking lot before removing cash and electronics and fleeing on a auto-rickshaw.,none,8
OFF001349,INC001348,Burglary,Accused gained entry through the compound wall and removed cash and electronics from the premises while occupants were away.,none,15
OFF001350,INC001349,Burglary,Accused gained entry through the compound wall and removed a bag of valuables from the premises while occupants were away.,none,15
OFF001351,INC001350,Theft,Accused was seen loitering near a residential lane before removing two mobile phones and fleeing on a bicycle.,none,8
OFF001352,INC001351,Theft,Accused was seen loitering near a railway station before removing two mobile phones and fleeing on a two-wheeler.,none,8
OFF001353,INC001352,Riots,Offense recorded under Riots.,none,20
OFF001354,INC001353,Rape,Offense recorded under Rape.,none,85
OFF001355,INC001354,Burglary,Accused gained entry through the terrace access and removed two mobile phones from the premises while occupants were asleep.,none,15
OFF001356,INC001355,Murder,Offense recorded under Murder.,none,100
OFF001357,INC001356,Theft,Accused was seen loitering near a residential lane before removing a bag of valuables and fleeing on a bicycle.,none,8
OFF001358,INC001357,Theft,Accused was seen loitering near a railway station before removing a laptop and fleeing on a bicycle.,none,8
OFF001359,INC001358,Theft,Accused was seen loitering near a bus stop before removing cash and electronics and fleeing on a auto-rickshaw.,none,8
OFF001360,INC001359,Cheating,"Accused posed as a bank official and convinced the victim to transfer funds via UPI, then became unreachable.",none,20
OFF001361,INC001360,Theft,Accused was seen loitering near a railway station before removing jewellery and fleeing on a auto-rickshaw.,none,8
OFF001362,INC001361,Theft,Accused was seen loitering near a railway station before removing jewellery and fleeing on a bicycle.,none,8
OFF001363,INC001362,Theft,Accused was seen loitering near a residential lane before removing a bag of valuables and fleeing on a on foot.,none,8
OFF001364,INC001363,Theft,Accused was seen loitering near a residential lane before removing cash and electronics and fleeing on a auto-rickshaw.,none,8
OFF001365,INC001364,Theft,Accused was seen loitering near a residential lane before removing jewellery and fleeing on a two-wheeler.,none,8
OFF001366,INC001365,Theft,Accused was seen loitering near a market area before removing two mobile phones and fleeing on a on foot.,none,8
OFF001367,INC001366,Theft,Accused was seen loitering near a railway station before removing jewellery and fleeing on a two-wheeler.,none,8
OFF001368,INC001367,Theft,Accused was seen loitering near a residential lane before removing two mobile phones and fleeing on a on foot.,none,8
OFF001369,INC001368,Theft,Accused was seen loitering near a parking lot before removing cash and electronics and fleeing on a on foot.,none,8
OFF001370,INC001369,Theft,Accused was seen loitering near a bus stop before removing a laptop and fleeing on a two-wheeler.,none,8
OFF001371,INC001370,Theft,Accused was seen loitering near a bus stop before removing two mobile phones and fleeing on a two-wheeler.,none,8
OFF001372,INC001371,Theft,Accused was seen loitering near a residential lane before removing cash and electronics and fleeing on a two-wheeler.,none,8
OFF001373,INC001372,Hurt / Grievous Hurt,"Accused engaged in an altercation with the victim near a parking lot over a property boundary, causing injury with a sharp weapon.",none,35
OFF001374,INC001373,Theft,Accused was seen loitering near a residential lane before removing a laptop and fleeing on a two-wheeler.,none,8
OFF001375,INC001374,Cheating,"Accused posed as a insurance agent and convinced the victim to transfer funds via a fake QR code, then became unreachable.",none,20
OFF001376,INC001375,Burglary,Accused gained entry through the terrace access and removed two mobile phones from the premises while occupants were at work.,none,15
OFF001377,INC001376,Theft,Accused was seen loitering near a bus stop before removing jewellery and fleeing on a auto-rickshaw.,none,8
OFF001378,INC001377,Cheating,"Accused posed as a delivery agent and convinced the victim to transfer funds via a fraudulent link, then became unreachable.",none,20
OFF001379,INC001378,Theft,Accused was seen loitering near a residential lane before removing a laptop and fleeing on a auto-rickshaw.,none,8
OFF001380,INC001379,Hurt / Grievous Hurt,"Accused engaged in an altercation with the victim near a railway station over a road-rage incident, causing injury with a knife.",none,35
OFF001381,INC001380,Theft,Accused was seen loitering near a bus stop before removing a laptop and fleeing on a auto-rickshaw.,none,8
OFF001382,INC001381,Burglary,Accused gained entry through the terrace access and removed a bag of valuables from the premises while occupants were asleep.,none,15
OFF001383,INC001382,Hurt / Grievous Hurt,"Accused engaged in an altercation with the victim near a parking lot over a property boundary, causing injury with a iron rod.",none,35
OFF001384,INC001383,Murder,Offense recorded under Murder.,none,100
OFF001385,INC001384,Burglary,Accused gained entry through the unlocked back door and removed a bag of valuables from the premises while occupants were away.,none,15
OFF001386,INC001385,Theft,Accused was seen loitering near a parking lot before removing a bag of valuables and fleeing on a on foot.,none,8
OFF001387,INC001386,Kidnapping and Abduction,Offense recorded under Kidnapping and Abduction.,none,55
OFF001388,INC001387,Theft,Accused was seen loitering near a residential lane before removing jewellery and fleeing on a auto-rickshaw.,none,8
OFF001389,INC001388,Burglary,Accused gained entry through the compound wall and removed a laptop from the premises while occupants were away.,none,15
OFF001390,INC001389,Robbery,"Accused approached the victim near a parking lot, threatened them with a iron rod, and fled with a laptop on a auto-rickshaw.",none,45
OFF001391,INC001390,Hurt / Grievous Hurt,"Accused engaged in an altercation with the victim near a parking lot over a property boundary, causing injury with a knife.",none,35
OFF001392,INC001391,Cheating,"Accused posed as a delivery agent and convinced the victim to transfer funds via a fake QR code, then became unreachable.",none,20
OFF001393,INC001392,Theft,Accused was seen loitering near a parking lot before removing jewellery and fleeing on a bicycle.,none,8
OFF001394,INC001393,Attempt to Murder,Offense recorded under Attempt to Murder.,none,70
OFF001395,INC001394,Attempt to Murder,Offense recorded under Attempt to Murder.,none,70
OFF001396,INC001395,Hurt / Grievous Hurt,"Accused engaged in an altercation with the victim near a railway station over a family matter, causing injury with a blunt object.",none,35
OFF001397,INC001396,Theft,Accused was seen loitering near a market area before removing two mobile phones and fleeing on a bicycle.,none,8
OFF001398,INC001397,Hurt / Grievous Hurt,"Accused engaged in an altercation with the victim near a market area over a property boundary, causing injury with a knife.",none,35
OFF001399,INC001398,Theft,Accused was seen loitering near a residential lane before removing a bag of valuables and fleeing on a two-wheeler.,none,8
OFF001400,INC001399,Theft,Accused was seen loitering near a parking lot before removing cash and electronics and fleeing on a on foot.,none,8
OFF001401,INC001400,Hurt / Grievous Hurt,"Accused engaged in an altercation with the victim near a market area over a property boundary, causing injury with a sharp weapon.",none,35
OFF001402,INC001401,Burglary,Accused gained entry through the rear window and removed jewellery from the premises while occupants were at work.,none,15
OFF001403,INC001402,Theft,Accused was seen loitering near a market area before removing a bag of valuables and fleeing on a auto-rickshaw.,none,8
OFF001404,INC001403,Theft,Accused was seen loitering near a railway station before removing a bag of valuables and fleeing on a bicycle.,none,8
OFF001405,INC001404,Theft,Accused was seen loitering near a market area before removing cash and electronics and fleeing on a two-wheeler.,none,8
OFF001406,INC001405,Theft,Accused was seen loitering near a parking lot before removing two mobile phones and fleeing on a bicycle.,none,8
OFF001407,INC001406,Theft,Accused was seen loitering near a bus stop before removing a bag of valuables and fleeing on a auto-rickshaw.,none,8
OFF001408,INC001407,Theft,Accused was seen loitering near a railway station before removing jewellery and fleeing on a two-wheeler.,none,8
OFF001409,INC001408,Burglary,Accused gained entry through the kitchen ventilator and removed two mobile phones from the premises while occupants were away.,none,15
OFF001410,INC001409,Hurt / Grievous Hurt,"Accused engaged in an altercation with the victim near a residential lane over a family matter, causing injury with a sharp weapon.",none,35
OFF001411,INC001410,Hurt / Grievous Hurt,"Accused engaged in an altercation with the victim near a bus stop over a family matter, causing injury with a sharp weapon.",none,35
OFF001412,INC001411,Theft,Accused was seen loitering near a market area before removing jewellery and fleeing on a on foot.,none,8
OFF001413,INC001412,Theft,Accused was seen loitering near a market area before removing two mobile phones and fleeing on a on foot.,none,8
OFF001414,INC001413,Theft,Accused was seen loitering near a market area before removing jewellery and fleeing on a auto-rickshaw.,none,8
OFF001415,INC001414,Theft,Accused was seen loitering near a residential lane before removing cash and electronics and fleeing on a auto-rickshaw.,none,8
OFF001416,INC001415,Kidnapping and Abduction,Offense recorded under Kidnapping and Abduction.,none,55
OFF001417,INC001416,Riots,Offense recorded under Riots.,none,20
OFF001418,INC001417,Theft,Accused was seen loitering near a bus stop before removing a laptop and fleeing on a two-wheeler.,none,8
OFF001419,INC001418,Theft,Accused was seen loitering near a railway station before removing a bag of valuables and fleeing on a auto-rickshaw.,none,8
OFF001420,INC001419,Dowry Death,Offense recorded under Dowry Death.,none,90
OFF001421,INC001420,Theft,Accused was seen loitering near a bus stop before removing cash and electronics and fleeing on a two-wheeler.,none,8
OFF001422,INC001421,Theft,Accused was seen loitering near a market area before removing jewellery and fleeing on a auto-rickshaw.,none,8
OFF001423,INC001422,Arson,Offense recorded under Arson.,none,40
OFF001424,INC001423,Kidnapping and Abduction,Offense recorded under Kidnapping and Abduction.,none,55
OFF001425,INC001424,Kidnapping and Abduction,Offense recorded under Kidnapping and Abduction.,none,55
OFF001426,INC001425,Theft,Accused was seen loitering near a parking lot before removing a bag of valuables and fleeing on a two-wheeler.,none,8
OFF001427,INC001426,Theft,Accused was seen loitering near a railway station before removing jewellery and fleeing on a on foot.,none,8
OFF001428,INC001427,Theft,Accused was seen loitering near a railway station before removing jewellery and fleeing on a two-wheeler.,none,8
OFF001429,INC001428,Theft,Accused was seen loitering near a market area before removing a bag of valuables and fleeing on a on foot.,none,8
OFF001430,INC001429,Theft,Accused was seen loitering near a bus stop before removing a laptop and fleeing on a on foot.,none,8
OFF001431,INC001430,Kidnapping and Abduction,Offense recorded under Kidnapping and Abduction.,none,55
OFF001432,INC001431,Criminal Breach of Trust,Offense recorded under Criminal Breach of Trust.,none,25
OFF001433,INC001432,Attempt to Murder,Offense recorded under Attempt to Murder.,none,70
OFF001434,INC001433,Kidnapping and Abduction,Offense recorded under Kidnapping and Abduction.,none,55
OFF001435,INC001434,Hurt / Grievous Hurt,"Accused engaged in an altercation with the victim near a residential lane over a property boundary, causing injury with a sharp weapon.",none,35
OFF001436,INC001435,Hurt / Grievous Hurt,"Accused engaged in an altercation with the victim near a bus stop over a family matter, causing injury with a iron rod.",none,35
OFF001437,INC001436,Theft,Accused was seen loitering near a residential lane before removing two mobile phones and fleeing on a two-wheeler.,none,8
OFF001438,INC001437,Criminal Breach of Trust,Offense recorded under Criminal Breach of Trust.,none,25
OFF001439,INC001438,Burglary,Accused gained entry through the compound wall and removed a laptop from the premises while occupants were away.,none,15
OFF001440,INC001439,Criminal Breach of Trust,Offense recorded under Criminal Breach of Trust.,none,25
OFF001441,INC001440,Kidnapping and Abduction,Offense recorded under Kidnapping and Abduction.,none,55
OFF001442,INC001441,Cheating,"Accused posed as a bank official and convinced the victim to transfer funds via a fraudulent link, then became unreachable.",none,20
OFF001443,INC001442,Theft,Accused was seen loitering near a market area before removing two mobile phones and fleeing on a two-wheeler.,none,8
OFF001444,INC001443,Theft,Accused was seen loitering near a bus stop before removing two mobile phones and fleeing on a on foot.,none,8
OFF001445,INC001444,Cheating,"Accused posed as a insurance agent and convinced the victim to transfer funds via UPI, then became unreachable.",none,20
OFF001446,INC001445,Cheating,"Accused posed as a delivery agent and convinced the victim to transfer funds via UPI, then became unreachable.",none,20
OFF001447,INC001446,Theft,Accused was seen loitering near a parking lot before removing two mobile phones and fleeing on a bicycle.,none,8
OFF001448,INC001447,Theft,Accused was seen loitering near a parking lot before removing cash and electronics and fleeing on a on foot.,none,8
OFF001449,INC001448,Theft,Accused was seen loitering near a market area before removing jewellery and fleeing on a on foot.,none,8
OFF001450,INC001449,Hurt / Grievous Hurt,"Accused engaged in an altercation with the victim near a bus stop over a road-rage incident, causing injury with a sharp weapon.",none,35
OFF001451,INC001450,Theft,Accused was seen loitering near a parking lot before removing jewellery and fleeing on a on foot.,none,8
OFF001452,INC001451,Burglary,Accused gained entry through the compound wall and removed a laptop from the premises while occupants were away.,none,15
OFF001453,INC001452,Kidnapping and Abduction,Offense recorded under Kidnapping and Abduction.,none,55
OFF001454,INC001453,Kidnapping and Abduction,Offense recorded under Kidnapping and Abduction.,none,55
OFF001455,INC001454,Cheating,"Accused posed as a insurance agent and convinced the victim to transfer funds via UPI, then became unreachable.",none,20
OFF001456,INC001455,Theft,Accused was seen loitering near a railway station before removing cash and electronics and fleeing on a auto-rickshaw.,none,8
OFF001457,INC001456,Theft,Accused was seen loitering near a bus stop before removing two mobile phones and fleeing on a two-wheeler.,none,8
OFF001458,INC001457,Burglary,Accused gained entry through the kitchen ventilator and removed two mobile phones from the premises while occupants were asleep.,none,15
OFF001459,INC001458,Burglary,Accused gained entry through the compound wall and removed jewellery from the premises while occupants were at work.,none,15
OFF001460,INC001459,Theft,Accused was seen loitering near a parking lot before removing a bag of valuables and fleeing on a auto-rickshaw.,none,8
OFF001461,INC001460,Theft,Accused was seen loitering near a market area before removing jewellery and fleeing on a on foot.,none,8
OFF001462,INC001461,Theft,Accused was seen loitering near a bus stop before removing a bag of valuables and fleeing on a bicycle.,none,8
OFF001463,INC001462,Riots,Offense recorded under Riots.,none,20
OFF001464,INC001463,Kidnapping and Abduction,Offense recorded under Kidnapping and Abduction.,none,55
OFF001465,INC001464,Criminal Breach of Trust,Offense recorded under Criminal Breach of Trust.,none,25
OFF001466,INC001465,Theft,Accused was seen loitering near a residential lane before removing a bag of valuables and fleeing on a auto-rickshaw.,none,8
OFF001467,INC001466,Theft,Accused was seen loitering near a residential lane before removing a laptop and fleeing on a two-wheeler.,none,8
OFF001468,INC001467,Theft,Accused was seen loitering near a market area before removing a bag of valuables and fleeing on a auto-rickshaw.,none,8
OFF001469,INC001468,Theft,Accused was seen loitering near a residential lane before removing cash and electronics and fleeing on a auto-rickshaw.,none,8
OFF001470,INC001469,Theft,Accused was seen loitering near a market area before removing cash and electronics and fleeing on a two-wheeler.,none,8
OFF001471,INC001470,Rape,Offense recorded under Rape.,none,85
OFF001472,INC001471,Theft,Accused was seen loitering near a market area before removing a laptop and fleeing on a two-wheeler.,none,8
OFF001473,INC001472,Kidnapping and Abduction,Offense recorded under Kidnapping and Abduction.,none,55
OFF001474,INC001473,Cheating,"Accused posed as a delivery agent and convinced the victim to transfer funds via UPI, then became unreachable.",none,20
OFF001475,INC001474,Burglary,Accused gained entry through the rear window and removed jewellery from the premises while occupants were asleep.,none,15
OFF001476,INC001475,Theft,Accused was seen loitering near a market area before removing a bag of valuables and fleeing on a on foot.,none,8
OFF001477,INC001476,Kidnapping and Abduction,Offense recorded under Kidnapping and Abduction.,none,55
OFF001478,INC001477,Hurt / Grievous Hurt,"Accused engaged in an altercation with the victim near a railway station over a property boundary, causing injury with a blunt object.",none,35
OFF001479,INC001478,Burglary,Accused gained entry through the kitchen ventilator and removed cash and electronics from the premises while occupants were at work.,none,15
OFF001480,INC001479,Theft,Accused was seen loitering near a railway station before removing a laptop and fleeing on a bicycle.,none,8
OFF001481,INC001480,Theft,Accused was seen loitering near a market area before removing a bag of valuables and fleeing on a bicycle.,none,8
OFF001482,INC001481,Theft,Accused was seen loitering near a market area before removing a bag of valuables and fleeing on a bicycle.,none,8
OFF001483,INC001482,Theft,Accused was seen loitering near a bus stop before removing cash and electronics and fleeing on a auto-rickshaw.,none,8
OFF001484,INC001483,Theft,Accused was seen loitering near a residential lane before removing two mobile phones and fleeing on a two-wheeler.,none,8
OFF001485,INC001484,Murder,Offense recorded under Murder.,none,100
OFF001486,INC001485,Burglary,Accused gained entry through the kitchen ventilator and removed a bag of valuables from the premises while occupants were at work.,none,15
OFF001487,INC001486,Theft,Accused was seen loitering near a bus stop before removing a bag of valuables and fleeing on a on foot.,none,8
OFF001488,INC001487,Theft,Accused was seen loitering near a bus stop before removing two mobile phones and fleeing on a auto-rickshaw.,none,8
OFF001489,INC001488,Theft,Accused was seen loitering near a market area before removing cash and electronics and fleeing on a two-wheeler.,none,8
OFF001490,INC001489,Hurt / Grievous Hurt,"Accused engaged in an altercation with the victim near a residential lane over a property boundary, causing injury with a sharp weapon.",none,35
OFF001491,INC001490,Theft,Accused was seen loitering near a residential lane before removing two mobile phones and fleeing on a on foot.,none,8
OFF001492,INC001491,Kidnapping and Abduction,Offense recorded under Kidnapping and Abduction.,none,55
OFF001493,INC001492,Theft,Accused was seen loitering near a market area before removing a laptop and fleeing on a auto-rickshaw.,none,8
OFF001494,INC001493,Theft,Accused was seen loitering near a parking lot before removing a laptop and fleeing on a on foot.,none,8
OFF001495,INC001494,Criminal Breach of Trust,Offense recorded under Criminal Breach of Trust.,none,25
OFF001496,INC001495,Burglary,Accused gained entry through the terrace access and removed a laptop from the premises while occupants were away.,none,15
OFF001497,INC001496,Theft,Accused was seen loitering near a railway station before removing cash and electronics and fleeing on a two-wheeler.,none,8
OFF001498,INC001497,Theft,Accused was seen loitering near a residential lane before removing a laptop and fleeing on a on foot.,none,8
OFF001499,INC001498,Hurt / Grievous Hurt,"Accused engaged in an altercation with the victim near a market area over a road-rage incident, causing injury with a sharp weapon.",none,35
OFF001500,INC001499,Theft,Accused was seen loitering near a market area before removing a laptop and fleeing on a two-wheeler.,none,8
OFF001501,INC001500,Attempt to Murder,Offense recorded under Attempt to Murder.,none,70
