incident_id,fir_number,district_id,date_occurred,date_reported,status
INC000001,DAV/2025/00002,davanagere,2025-02-14,2025-02-16,chargesheet_filed
INC000002,BEL/2024/00003,belagavi,2024-01-23,2024-01-23,closed
INC000003,BAG/2025/00004,bagalkot,2025-05-23,2025-05-24,chargesheet_filed
INC000004,HAS/2024/00005,hassan,2024-10-13,2024-10-13,registered
INC000005,VIJ/2025/00006,vijayapura,2025-02-25,2025-02-27,investigation
INC000006,MAN/2024/00007,mandya,2024-07-23,2024-07-25,investigation
INC000007,TUM/2025/00008,tumakuru,2025-07-11,2025-07-12,investigation
INC000008,KAL/2025/00009,kalaburagi,2025-04-28,2025-04-29,chargesheet_filed
INC000009,KOD/2024/00010,kodagu,2024-09-29,2024-10-01,registered
INC000010,CHI/2024/00011,chikballapur,2024-06-29,2024-07-01,investigation
INC000011,YAD/2025/00012,yadgir,2025-07-30,2025-07-30,chargesheet_filed
INC000012,DAK/2024/00013,dakshina_kannada,2024-01-01,2024-01-03,investigation
INC000013,BEN/2024/00014,bengaluru_urban,2024-01-23,2024-01-25,chargesheet_filed
INC000014,BID/2024/00015,bidar,2024-05-19,2024-05-21,closed
INC000015,MYS/2024/00016,mysuru,2024-08-16,2024-08-18,chargesheet_filed
INC000016,YAD/2024/00017,yadgir,2024-01-02,2024-01-04,closed
INC000017,CHI/2025/00018,chikballapur,2025-09-18,2025-09-20,chargesheet_filed
INC000018,DAK/2024/00019,dakshina_kannada,2024-12-21,2024-12-21,chargesheet_filed
INC000019,DHA/2024/00020,dharwad,2024-02-19,2024-02-20,chargesheet_filed
INC000020,DHA/2025/00021,dharwad,2025-07-13,2025-07-13,chargesheet_filed
INC000021,TUM/2024/00022,tumakuru,2024-03-16,2024-03-16,investigation
INC000022,KOP/2025/00023,koppal,2025-08-31,2025-09-01,chargesheet_filed
INC000023,BEN/2024/00024,bengaluru_rural,2024-02-24,2024-02-25,investigation
INC000024,CHI/2024/00025,chikballapur,2024-10-31,2024-10-31,registered
INC000025,BAG/2025/00026,bagalkot,2025-01-04,2025-01-05,registered
INC000026,BID/2024/00027,bidar,2024-07-30,2024-08-01,investigation
INC000027,VIJ/2025/00028,vijayapura,2025-01-14,2025-01-15,investigation
INC000028,CHI/2024/00029,chikballapur,2024-09-26,2024-09-27,chargesheet_filed
INC000029,GAD/2025/00030,gadag,2025-07-08,2025-07-10,investigation
INC000030,VIJ/2025/00031,vijayapura,2025-08-09,2025-08-09,investigation
INC000031,BID/2025/00032,bidar,2025-04-04,2025-04-04,closed
INC000032,DHA/2024/00033,dharwad,2024-03-30,2024-04-01,investigation
INC000033,KOP/2025/00034,koppal,2025-12-18,2025-12-20,chargesheet_filed
INC000034,KOL/2025/00035,kolar,2025-08-03,2025-08-05,chargesheet_filed
INC000035,CHI/2024/00036,chikkamagaluru,2024-06-25,2024-06-26,registered
INC000036,RAI/2024/00037,raichur,2024-12-05,2024-12-05,registered
INC000037,CHI/2024/00038,chitradurga,2024-11-06,2024-11-07,chargesheet_filed
INC000038,CHI/2024/00039,chikkamagaluru,2024-11-24,2024-11-26,investigation
INC000039,SHI/2025/00040,shivamogga,2025-05-11,2025-05-13,closed
INC000040,HAS/2024/00041,hassan,2024-02-03,2024-02-03,closed
INC000041,VIJ/2025/00042,vijayanagara,2025-10-12,2025-10-12,chargesheet_filed
INC000042,DHA/2024/00043,dharwad,2024-01-29,2024-01-29,investigation
INC000043,MAN/2024/00044,mandya,2024-10-02,2024-10-03,chargesheet_filed
INC000044,CHI/2024/00045,chikkamagaluru,2024-08-17,2024-08-19,chargesheet_filed
INC000045,HAS/2024/00046,hassan,2024-12-23,2024-12-24,investigation
INC000046,CHI/2024/00047,chikkamagaluru,2024-12-10,2024-12-12,investigation
INC000047,SHI/2025/00048,shivamogga,2025-06-13,2025-06-13,closed
INC000048,HAV/2025/00049,haveri,2025-11-02,2025-11-03,investigation
INC000049,RAM/2024/00050,ramanagara,2024-12-17,2024-12-19,investigation
INC000050,VIJ/2025/00051,vijayapura,2025-11-27,2025-11-28,chargesheet_filed
INC000051,DAV/2024/00052,davanagere,2024-12-05,2024-12-06,chargesheet_filed
INC000052,VIJ/2025/00053,vijayapura,2025-04-28,2025-04-28,chargesheet_filed
INC000053,BEN/2024/00054,bengaluru_urban,2024-06-03,2024-06-03,investigation
INC000054,HAS/2024/00055,hassan,2024-01-05,2024-01-06,investigation
INC000055,KOP/2024/00056,koppal,2024-05-12,2024-05-13,chargesheet_filed
INC000056,KOD/2024/00057,kodagu,2024-02-08,2024-02-08,chargesheet_filed
INC000057,BAG/2025/00058,bagalkot,2025-11-23,2025-11-25,chargesheet_filed
INC000058,DHA/2024/00059,dharwad,2024-04-15,2024-04-17,chargesheet_filed
INC000059,SHI/2025/00060,shivamogga,2025-01-02,2025-01-02,investigation
INC000060,RAM/2024/00061,ramanagara,2024-08-04,2024-08-04,chargesheet_filed
INC000061,CHI/2025/00062,chikkamagaluru,2025-10-17,2025-10-19,chargesheet_filed
INC000062,BEN/2025/00063,bengaluru_rural,2025-12-07,2025-12-08,investigation
INC000063,UDU/2025/00064,udupi,2025-03-04,2025-03-04,chargesheet_filed
INC000064,CHA/2025/00065,chamarajanagar,2025-05-24,2025-05-26,investigation
INC000065,BID/2024/00066,bidar,2024-10-29,2024-10-29,chargesheet_filed
INC000066,BAG/2024/00067,bagalkot,2024-01-03,2024-01-05,registered
INC000067,BEN/2024/00068,bengaluru_rural,2024-02-21,2024-02-21,closed
INC000068,UTT/2024/00069,uttara_kannada,2024-04-07,2024-04-07,registered
INC000069,YAD/2025/00070,yadgir,2025-03-24,2025-03-26,investigation
INC000070,DHA/2025/00071,dharwad,2025-02-14,2025-02-15,investigation
INC000071,KOP/2024/00072,koppal,2024-07-04,2024-07-05,chargesheet_filed
INC000072,VIJ/2024/00073,vijayapura,2024-04-25,2024-04-26,investigation
INC000073,MYS/2025/00074,mysuru,2025-11-10,2025-11-12,investigation
INC000074,UTT/2025/00075,uttara_kannada,2025-06-01,2025-06-02,closed
INC000075,BEL/2024/00076,belagavi,2024-08-28,2024-08-29,investigation
INC000076,BEN/2024/00077,bengaluru_rural,2024-11-19,2024-11-20,chargesheet_filed
INC000077,KOD/2025/00078,kodagu,2025-07-24,2025-07-24,chargesheet_filed
INC000078,DAV/2024/00079,davanagere,2024-12-15,2024-12-15,chargesheet_filed
INC000079,UDU/2024/00080,udupi,2024-12-29,2024-12-31,closed
INC000080,VIJ/2024/00081,vijayapura,2024-02-16,2024-02-16,investigation
INC000081,BAL/2025/00082,ballari,2025-02-28,2025-03-02,chargesheet_filed
INC000082,BAG/2025/00083,bagalkot,2025-05-25,2025-05-27,chargesheet_filed
INC000083,KOL/2025/00084,kolar,2025-12-09,2025-12-09,chargesheet_filed
INC000084,KOP/2025/00085,koppal,2025-03-04,2025-03-06,chargesheet_filed
INC000085,BEN/2024/00086,bengaluru_urban,2024-05-16,2024-05-17,chargesheet_filed
INC000086,YAD/2025/00087,yadgir,2025-10-27,2025-10-27,chargesheet_filed
INC000087,KOL/2025/00088,kolar,2025-08-19,2025-08-21,chargesheet_filed
INC000088,DHA/2024/00089,dharwad,2024-01-26,2024-01-26,registered
INC000089,UDU/2025/00090,udupi,2025-01-02,2025-01-03,registered
INC000090,TUM/2025/00091,tumakuru,2025-06-07,2025-06-09,investigation
INC000091,BAL/2025/00092,ballari,2025-07-19,2025-07-19,chargesheet_filed
INC000092,BEN/2025/00093,bengaluru_rural,2025-06-10,2025-06-11,registered
INC000093,UTT/2025/00094,uttara_kannada,2025-08-21,2025-08-22,registered
INC000094,KOP/2024/00095,koppal,2024-11-26,2024-11-26,chargesheet_filed
INC000095,TUM/2024/00096,tumakuru,2024-03-15,2024-03-17,investigation
INC000096,DAV/2024/00097,davanagere,2024-12-05,2024-12-06,investigation
INC000097,DAV/2025/00098,davanagere,2025-11-15,2025-11-16,investigation
INC000098,VIJ/2025/00099,vijayanagara,2025-01-25,2025-01-25,investigation
INC000099,TUM/2025/00100,tumakuru,2025-06-10,2025-06-12,investigation
INC000100,BID/2024/00101,bidar,2024-04-08,2024-04-10,chargesheet_filed
INC000101,BAL/2024/00102,ballari,2024-12-05,2024-12-05,registered
INC000102,GAD/2024/00103,gadag,2024-09-21,2024-09-22,investigation
INC000103,BEN/2025/00104,bengaluru_rural,2025-11-20,2025-11-22,registered
INC000104,VIJ/2025/00105,vijayanagara,2025-01-01,2025-01-03,registered
INC000105,DHA/2025/00106,dharwad,2025-01-25,2025-01-27,registered
INC000106,BAG/2024/00107,bagalkot,2024-02-12,2024-02-14,chargesheet_filed
INC000107,CHA/2024/00108,chamarajanagar,2024-12-18,2024-12-19,closed
INC000108,UDU/2025/00109,udupi,2025-09-23,2025-09-24,investigation
INC000109,KOD/2025/00110,kodagu,2025-10-22,2025-10-22,investigation
INC000110,BEL/2025/00111,belagavi,2025-09-26,2025-09-26,investigation
INC000111,KOL/2025/00112,kolar,2025-08-02,2025-08-03,chargesheet_filed
INC000112,RAI/2024/00113,raichur,2024-08-14,2024-08-16,chargesheet_filed
INC000113,HAS/2025/00114,hassan,2025-04-18,2025-04-19,chargesheet_filed
INC000114,MAN/2025/00115,mandya,2025-06-03,2025-06-03,chargesheet_filed
INC000115,CHI/2025/00116,chikkamagaluru,2025-07-18,2025-07-20,closed
INC000116,VIJ/2024/00117,vijayapura,2024-08-16,2024-08-18,chargesheet_filed
INC000117,BID/2024/00118,bidar,2024-06-12,2024-06-14,closed
INC000118,SHI/2024/00119,shivamogga,2024-08-12,2024-08-13,investigation
INC000119,RAI/2024/00120,raichur,2024-04-15,2024-04-17,chargesheet_filed
INC000120,DHA/2025/00121,dharwad,2025-10-31,2025-11-01,chargesheet_filed
INC000121,DHA/2025/00122,dharwad,2025-06-12,2025-06-13,chargesheet_filed
INC000122,BID/2025/00123,bidar,2025-03-26,2025-03-26,registered
INC000123,KOP/2025/00124,koppal,2025-01-05,2025-01-07,chargesheet_filed
INC000124,BAL/2024/00125,ballari,2024-09-06,2024-09-06,chargesheet_filed
INC000125,BID/2024/00126,bidar,2024-02-27,2024-02-28,closed
INC000126,CHA/2024/00127,chamarajanagar,2024-03-28,2024-03-29,chargesheet_filed
INC000127,BEN/2025/00128,bengaluru_urban,2025-09-07,2025-09-09,chargesheet_filed
INC000128,DAK/2025/00129,dakshina_kannada,2025-12-03,2025-12-04,chargesheet_filed
INC000129,BEN/2025/00130,bengaluru_rural,2025-09-12,2025-09-12,investigation
INC000130,MYS/2025/00131,mysuru,2025-05-08,2025-05-08,closed
INC000131,BEN/2025/00132,bengaluru_urban,2025-03-11,2025-03-12,investigation
INC000132,BAG/2024/00133,bagalkot,2024-07-12,2024-07-14,chargesheet_filed
INC000133,MAN/2025/00134,mandya,2025-01-19,2025-01-19,chargesheet_filed
INC000134,MAN/2025/00135,mandya,2025-03-12,2025-03-14,investigation
INC000135,DHA/2025/00136,dharwad,2025-11-27,2025-11-27,investigation
INC000136,HAS/2024/00137,hassan,2024-08-23,2024-08-25,closed
INC000137,KOP/2025/00138,koppal,2025-07-17,2025-07-19,chargesheet_filed
INC000138,HAV/2024/00139,haveri,2024-05-28,2024-05-30,investigation
INC000139,BAL/2025/00140,ballari,2025-09-15,2025-09-17,investigation
INC000140,TUM/2024/00141,tumakuru,2024-02-04,2024-02-06,chargesheet_filed
INC000141,MAN/2024/00142,mandya,2024-09-01,2024-09-01,closed
INC000142,KOL/2025/00143,kolar,2025-02-19,2025-02-19,chargesheet_filed
INC000143,YAD/2024/00144,yadgir,2024-12-21,2024-12-22,investigation
INC000144,GAD/2024/00145,gadag,2024-06-28,2024-06-30,registered
INC000145,MYS/2025/00146,mysuru,2025-04-14,2025-04-15,closed
INC000146,MAN/2025/00147,mandya,2025-01-26,2025-01-26,chargesheet_filed
INC000147,UDU/2025/00148,udupi,2025-12-18,2025-12-19,investigation
INC000148,DAK/2025/00149,dakshina_kannada,2025-05-02,2025-05-03,investigation
INC000149,CHI/2024/00150,chikballapur,2024-07-23,2024-07-25,investigation
INC000150,YAD/2025/00151,yadgir,2025-07-08,2025-07-08,chargesheet_filed
INC000151,BID/2025/00152,bidar,2025-05-17,2025-05-19,investigation
INC000152,YAD/2025/00153,yadgir,2025-05-04,2025-05-06,registered
INC000153,DAV/2024/00154,davanagere,2024-11-29,2024-12-01,closed
INC000154,YAD/2025/00155,yadgir,2025-04-27,2025-04-29,investigation
INC000155,SHI/2025/00156,shivamogga,2025-12-18,2025-12-19,investigation
INC000156,MYS/2025/00157,mysuru,2025-08-12,2025-08-12,chargesheet_filed
INC000157,BEN/2025/00158,bengaluru_urban,2025-05-26,2025-05-28,chargesheet_filed
INC000158,BEN/2025/00159,bengaluru_rural,2025-02-11,2025-02-13,investigation
INC000159,CHI/2024/00160,chikkamagaluru,2024-12-08,2024-12-09,investigation
INC000160,DAK/2024/00161,dakshina_kannada,2024-12-29,2024-12-31,chargesheet_filed
INC000161,YAD/2025/00162,yadgir,2025-10-08,2025-10-08,closed
INC000162,BID/2024/00163,bidar,2024-03-22,2024-03-23,investigation
INC000163,VIJ/2024/00164,vijayapura,2024-10-04,2024-10-05,chargesheet_filed
INC000164,DHA/2024/00165,dharwad,2024-06-19,2024-06-19,registered
INC000165,SHI/2025/00166,shivamogga,2025-06-20,2025-06-20,registered
INC000166,CHI/2024/00167,chikballapur,2024-08-22,2024-08-24,investigation
INC000167,YAD/2024/00168,yadgir,2024-05-18,2024-05-20,chargesheet_filed
INC000168,HAV/2024/00169,haveri,2024-12-21,2024-12-23,investigation
INC000169,BEN/2024/00170,bengaluru_urban,2024-09-23,2024-09-24,registered
INC000170,BAG/2025/00171,bagalkot,2025-07-01,2025-07-03,closed
INC000171,CHI/2025/00172,chikballapur,2025-02-08,2025-02-08,chargesheet_filed
INC000172,MAN/2025/00173,mandya,2025-03-08,2025-03-08,chargesheet_filed
INC000173,HAS/2025/00174,hassan,2025-09-24,2025-09-25,chargesheet_filed
INC000174,KOD/2024/00175,kodagu,2024-02-20,2024-02-20,investigation
INC000175,GAD/2024/00176,gadag,2024-12-16,2024-12-17,chargesheet_filed
INC000176,UDU/2024/00177,udupi,2024-03-23,2024-03-23,registered
INC000177,VIJ/2024/00178,vijayapura,2024-07-15,2024-07-16,chargesheet_filed
INC000178,MYS/2025/00179,mysuru,2025-02-02,2025-02-03,closed
INC000179,MAN/2025/00180,mandya,2025-05-07,2025-05-08,investigation
INC000180,BAG/2024/00181,bagalkot,2024-09-05,2024-09-05,chargesheet_filed
INC000181,CHI/2024/00182,chikballapur,2024-04-01,2024-04-01,investigation
INC000182,RAM/2025/00183,ramanagara,2025-03-25,2025-03-25,registered
INC000183,RAI/2025/00184,raichur,2025-05-11,2025-05-12,chargesheet_filed
INC000184,BEN/2025/00185,bengaluru_urban,2025-06-27,2025-06-28,investigation
INC000185,KAL/2025/00186,kalaburagi,2025-10-15,2025-10-16,chargesheet_filed
INC000186,MYS/2024/00187,mysuru,2024-03-05,2024-03-07,chargesheet_filed
INC000187,GAD/2024/00188,gadag,2024-11-26,2024-11-28,investigation
INC000188,UTT/2024/00189,uttara_kannada,2024-07-01,2024-07-01,investigation
INC000189,MAN/2024/00190,mandya,2024-08-01,2024-08-02,closed
INC000190,TUM/2025/00191,tumakuru,2025-01-12,2025-01-14,registered
INC000191,BEL/2024/00192,belagavi,2024-11-07,2024-11-07,closed
INC000192,KAL/2024/00193,kalaburagi,2024-07-16,2024-07-18,investigation
INC000193,BID/2025/00194,bidar,2025-11-04,2025-11-06,closed
INC000194,SHI/2025/00195,shivamogga,2025-02-26,2025-02-28,investigation
INC000195,KOP/2024/00196,koppal,2024-10-18,2024-10-18,chargesheet_filed
INC000196,BAG/2024/00197,bagalkot,2024-11-18,2024-11-20,chargesheet_filed
INC000197,HAS/2024/00198,hassan,2024-02-08,2024-02-09,investigation
INC000198,TUM/2024/00199,tumakuru,2024-09-19,2024-09-20,registered
INC000199,DHA/2025/00200,dharwad,2025-08-13,2025-08-13,chargesheet_filed
INC000200,RAM/2024/00201,ramanagara,2024-08-20,2024-08-22,chargesheet_filed
INC000201,BAL/2025/00202,ballari,2025-06-20,2025-06-21,chargesheet_filed
INC000202,MYS/2024/00203,mysuru,2024-02-21,2024-02-23,closed
INC000203,CHI/2025/00204,chitradurga,2025-03-18,2025-03-19,registered
INC000204,KOD/2025/00205,kodagu,2025-05-07,2025-05-07,investigation
INC000205,CHI/2024/00206,chikkamagaluru,2024-03-14,2024-03-15,investigation
INC000206,DAV/2024/00207,davanagere,2024-06-22,2024-06-24,chargesheet_filed
INC000207,CHA/2024/00208,chamarajanagar,2024-08-27,2024-08-29,investigation
INC000208,BAG/2024/00209,bagalkot,2024-10-21,2024-10-22,chargesheet_filed
INC000209,CHA/2024/00210,chamarajanagar,2024-12-05,2024-12-07,chargesheet_filed
INC000210,BAL/2024/00211,ballari,2024-06-23,2024-06-24,investigation
INC000211,DHA/2024/00212,dharwad,2024-03-09,2024-03-11,investigation
INC000212,DHA/2024/00213,dharwad,2024-08-24,2024-08-26,closed
INC000213,KAL/2024/00214,kalaburagi,2024-07-22,2024-07-23,chargesheet_filed
INC000214,DHA/2025/00215,dharwad,2025-05-16,2025-05-18,investigation
INC000215,DAK/2024/00216,dakshina_kannada,2024-06-04,2024-06-05,chargesheet_filed
INC000216,KOL/2024/00217,kolar,2024-09-03,2024-09-03,investigation
INC000217,MAN/2024/00218,mandya,2024-05-28,2024-05-30,closed
INC000218,UDU/2024/00219,udupi,2024-11-21,2024-11-21,chargesheet_filed
INC000219,VIJ/2025/00220,vijayanagara,2025-10-14,2025-10-16,investigation
INC000220,RAI/2024/00221,raichur,2024-03-22,2024-03-23,registered
INC000221,HAV/2025/00222,haveri,2025-05-18,2025-05-18,investigation
INC000222,CHI/2025/00223,chikballapur,2025-02-26,2025-02-28,chargesheet_filed
INC000223,RAM/2025/00224,ramanagara,2025-09-14,2025-09-15,chargesheet_filed
INC000224,HAS/2025/00225,hassan,2025-04-07,2025-04-07,closed
INC000225,DHA/2025/00226,dharwad,2025-07-25,2025-07-27,chargesheet_filed
INC000226,SHI/2024/00227,shivamogga,2024-11-07,2024-11-08,investigation
INC000227,YAD/2025/00228,yadgir,2025-08-22,2025-08-24,chargesheet_filed
INC000228,HAS/2024/00229,hassan,2024-07-02,2024-07-04,closed
INC000229,MAN/2025/00230,mandya,2025-12-09,2025-12-11,chargesheet_filed
INC000230,KAL/2024/00231,kalaburagi,2024-03-28,2024-03-30,investigation
INC000231,SHI/2024/00232,shivamogga,2024-02-14,2024-02-14,closed
INC000232,VIJ/2024/00233,vijayapura,2024-04-30,2024-04-30,closed
INC000233,UTT/2025/00234,uttara_kannada,2025-05-24,2025-05-25,chargesheet_filed
INC000234,MYS/2025/00235,mysuru,2025-08-25,2025-08-26,investigation
INC000235,CHI/2025/00236,chikkamagaluru,2025-07-14,2025-07-16,chargesheet_filed
INC000236,DAV/2025/00237,davanagere,2025-10-30,2025-10-30,registered
INC000237,DAV/2025/00238,davanagere,2025-08-15,2025-08-15,registered
INC000238,UDU/2025/00239,udupi,2025-03-13,2025-03-15,registered
INC000239,GAD/2025/00240,gadag,2025-06-23,2025-06-25,investigation
INC000240,RAM/2025/00241,ramanagara,2025-05-10,2025-05-12,chargesheet_filed
INC000241,KOL/2025/00242,kolar,2025-06-22,2025-06-24,investigation
INC000242,MAN/2025/00243,mandya,2025-04-21,2025-04-21,chargesheet_filed
INC000243,DAV/2024/00244,davanagere,2024-12-07,2024-12-09,chargesheet_filed
INC000244,CHI/2024/00245,chitradurga,2024-03-10,2024-03-11,chargesheet_filed
INC000245,TUM/2025/00246,tumakuru,2025-04-30,2025-04-30,chargesheet_filed
INC000246,VIJ/2025/00247,vijayanagara,2025-02-27,2025-03-01,registered
INC000247,DHA/2024/00248,dharwad,2024-12-13,2024-12-15,chargesheet_filed
INC000248,BEN/2025/00249,bengaluru_rural,2025-09-01,2025-09-02,chargesheet_filed
INC000249,HAV/2024/00250,haveri,2024-03-29,2024-03-29,investigation
INC000250,DAV/2024/00251,davanagere,2024-04-24,2024-04-24,chargesheet_filed
INC000251,SHI/2024/00252,shivamogga,2024-05-26,2024-05-26,chargesheet_filed
INC000252,DHA/2025/00253,dharwad,2025-04-15,2025-04-17,closed
INC000253,HAS/2024/00254,hassan,2024-12-07,2024-12-07,registered
INC000254,BEN/2025/00255,bengaluru_rural,2025-11-18,2025-11-19,registered
INC000255,DAV/2025/00256,davanagere,2025-07-09,2025-07-11,investigation
INC000256,CHI/2024/00257,chitradurga,2024-03-13,2024-03-15,closed
INC000257,BID/2025/00258,bidar,2025-02-05,2025-02-07,chargesheet_filed
INC000258,UDU/2024/00259,udupi,2024-12-06,2024-12-06,chargesheet_filed
INC000259,BEN/2024/00260,bengaluru_urban,2024-08-17,2024-08-19,investigation
INC000260,HAV/2025/00261,haveri,2025-04-09,2025-04-09,registered
INC000261,DAK/2024/00262,dakshina_kannada,2024-04-19,2024-04-21,chargesheet_filed
INC000262,KOP/2024/00263,koppal,2024-09-01,2024-09-01,chargesheet_filed
INC000263,KOL/2025/00264,kolar,2025-12-11,2025-12-12,chargesheet_filed
INC000264,MYS/2025/00265,mysuru,2025-11-09,2025-11-09,chargesheet_filed
INC000265,UDU/2025/00266,udupi,2025-12-02,2025-12-04,chargesheet_filed
INC000266,UDU/2024/00267,udupi,2024-08-10,2024-08-10,closed
INC000267,KOP/2025/00268,koppal,2025-02-03,2025-02-05,investigation
INC000268,RAI/2025/00269,raichur,2025-03-21,2025-03-22,closed
INC000269,BAL/2024/00270,ballari,2024-10-28,2024-10-29,closed
INC000270,DHA/2025/00271,dharwad,2025-01-26,2025-01-27,investigation
INC000271,KOD/2024/00272,kodagu,2024-07-11,2024-07-12,chargesheet_filed
INC000272,GAD/2025/00273,gadag,2025-11-04,2025-11-04,registered
INC000273,KAL/2025/00274,kalaburagi,2025-04-10,2025-04-11,chargesheet_filed
INC000274,KOL/2025/00275,kolar,2025-07-13,2025-07-14,registered
INC000275,HAV/2025/00276,haveri,2025-08-17,2025-08-19,registered
INC000276,KOD/2024/00277,kodagu,2024-12-17,2024-12-17,investigation
INC000277,YAD/2024/00278,yadgir,2024-12-27,2024-12-28,investigation
INC000278,MAN/2024/00279,mandya,2024-03-03,2024-03-04,chargesheet_filed
INC000279,BEL/2025/00280,belagavi,2025-05-11,2025-05-11,chargesheet_filed
INC000280,BAG/2024/00281,bagalkot,2024-09-20,2024-09-22,registered
INC000281,YAD/2024/00282,yadgir,2024-03-27,2024-03-27,chargesheet_filed
INC000282,HAS/2025/00283,hassan,2025-11-07,2025-11-09,chargesheet_filed
INC000283,BAL/2024/00284,ballari,2024-04-28,2024-04-28,investigation
INC000284,VIJ/2024/00285,vijayanagara,2024-10-22,2024-10-23,investigation
INC000285,KOP/2025/00286,koppal,2025-03-18,2025-03-20,closed
INC000286,KOL/2025/00287,kolar,2025-11-01,2025-11-02,investigation
INC000287,RAI/2025/00288,raichur,2025-11-24,2025-11-24,investigation
INC000288,BEN/2025/00289,bengaluru_rural,2025-02-25,2025-02-27,registered
INC000289,MAN/2025/00290,mandya,2025-09-05,2025-09-05,chargesheet_filed
INC000290,SHI/2025/00291,shivamogga,2025-11-03,2025-11-05,chargesheet_filed
INC000291,SHI/2024/00292,shivamogga,2024-06-14,2024-06-14,investigation
INC000292,YAD/2024/00293,yadgir,2024-09-21,2024-09-22,investigation
INC000293,RAI/2025/00294,raichur,2025-03-28,2025-03-29,registered
INC000294,VIJ/2024/00295,vijayapura,2024-01-20,2024-01-21,registered
INC000295,DHA/2025/00296,dharwad,2025-03-22,2025-03-24,chargesheet_filed
INC000296,UDU/2025/00297,udupi,2025-12-06,2025-12-07,registered
INC000297,MAN/2024/00298,mandya,2024-02-26,2024-02-28,registered
INC000298,CHA/2025/00299,chamarajanagar,2025-10-25,2025-10-25,chargesheet_filed
INC000299,MAN/2024/00300,mandya,2024-04-19,2024-04-21,investigation
INC000300,MAN/2025/00301,mandya,2025-07-07,2025-07-08,investigation
INC000301,TUM/2024/00302,tumakuru,2024-12-11,2024-12-13,registered
INC000302,VIJ/2025/00303,vijayanagara,2025-04-27,2025-04-29,registered
INC000303,HAS/2024/00304,hassan,2024-04-09,2024-04-11,investigation
INC000304,MYS/2024/00305,mysuru,2024-05-03,2024-05-05,chargesheet_filed
INC000305,BEN/2024/00306,bengaluru_rural,2024-03-05,2024-03-06,registered
INC000306,VIJ/2024/00307,vijayapura,2024-01-17,2024-01-18,registered
INC000307,TUM/2025/00308,tumakuru,2025-12-11,2025-12-12,chargesheet_filed
INC000308,YAD/2025/00309,yadgir,2025-09-18,2025-09-18,chargesheet_filed
INC000309,BEN/2024/00310,bengaluru_rural,2024-07-15,2024-07-17,closed
INC000310,MYS/2025/00311,mysuru,2025-10-03,2025-10-03,investigation
INC000311,CHI/2025/00312,chikkamagaluru,2025-03-21,2025-03-22,chargesheet_filed
INC000312,TUM/2024/00313,tumakuru,2024-06-10,2024-06-10,investigation
INC000313,CHA/2025/00314,chamarajanagar,2025-03-05,2025-03-07,chargesheet_filed
INC000314,KOL/2025/00315,kolar,2025-04-27,2025-04-28,registered
INC000315,DAV/2025/00316,davanagere,2025-01-31,2025-01-31,investigation
INC000316,BEN/2024/00317,bengaluru_urban,2024-12-09,2024-12-09,chargesheet_filed
INC000317,YAD/2025/00318,yadgir,2025-10-15,2025-10-17,closed
INC000318,HAV/2025/00319,haveri,2025-06-18,2025-06-18,chargesheet_filed
INC000319,DAK/2024/00320,dakshina_kannada,2024-09-10,2024-09-11,chargesheet_filed
INC000320,BAL/2024/00321,ballari,2024-02-15,2024-02-16,chargesheet_filed
INC000321,UDU/2025/00322,udupi,2025-12-14,2025-12-14,investigation
INC000322,MYS/2025/00323,mysuru,2025-05-06,2025-05-07,investigation
INC000323,SHI/2025/00324,shivamogga,2025-04-19,2025-04-19,closed
INC000324,BEL/2025/00325,belagavi,2025-10-04,2025-10-05,closed
INC000325,DHA/2024/00326,dharwad,2024-04-23,2024-04-24,investigation
INC000326,RAI/2025/00327,raichur,2025-07-28,2025-07-28,registered
INC000327,BEL/2024/00328,belagavi,2024-02-25,2024-02-26,investigation
INC000328,MYS/2025/00329,mysuru,2025-06-28,2025-06-30,closed
INC000329,BEL/2025/00330,belagavi,2025-04-13,2025-04-13,investigation
INC000330,GAD/2024/00331,gadag,2024-10-27,2024-10-29,chargesheet_filed
INC000331,BAG/2025/00332,bagalkot,2025-10-22,2025-10-23,investigation
INC000332,KOL/2024/00333,kolar,2024-11-07,2024-11-07,closed
INC000333,CHI/2025/00334,chitradurga,2025-01-15,2025-01-15,registered
INC000334,BID/2024/00335,bidar,2024-07-05,2024-07-07,chargesheet_filed
INC000335,KOL/2024/00336,kolar,2024-11-20,2024-11-20,investigation
INC000336,VIJ/2024/00337,vijayanagara,2024-05-04,2024-05-04,investigation
INC000337,RAM/2024/00338,ramanagara,2024-01-05,2024-01-07,closed
INC000338,MYS/2025/00339,mysuru,2025-08-10,2025-08-10,chargesheet_filed
INC000339,BEL/2024/00340,belagavi,2024-12-31,2025-01-01,registered
INC000340,BAG/2024/00341,bagalkot,2024-07-19,2024-07-19,chargesheet_filed
INC000341,BEN/2025/00342,bengaluru_urban,2025-02-11,2025-02-13,closed
INC000342,DAV/2024/00343,davanagere,2024-12-19,2024-12-20,closed
INC000343,CHI/2025/00344,chitradurga,2025-03-29,2025-03-29,chargesheet_filed
INC000344,CHA/2024/00345,chamarajanagar,2024-05-27,2024-05-28,investigation
INC000345,BID/2024/00346,bidar,2024-07-23,2024-07-24,investigation
INC000346,RAM/2025/00347,ramanagara,2025-07-26,2025-07-27,investigation
INC000347,MAN/2024/00348,mandya,2024-05-07,2024-05-09,closed
INC000348,SHI/2024/00349,shivamogga,2024-05-02,2024-05-03,investigation
INC000349,MAN/2024/00350,mandya,2024-09-21,2024-09-23,investigation
INC000350,BAL/2024/00351,ballari,2024-06-16,2024-06-17,investigation
INC000351,CHA/2025/00352,chamarajanagar,2025-06-10,2025-06-12,investigation
INC000352,BEN/2024/00353,bengaluru_urban,2024-01-14,2024-01-16,investigation
INC000353,BEN/2024/00354,bengaluru_urban,2024-08-11,2024-08-13,investigation
INC000354,VIJ/2025/00355,vijayanagara,2025-04-16,2025-04-16,registered
INC000355,DAV/2025/00356,davanagere,2025-12-08,2025-12-08,chargesheet_filed
INC000356,CHA/2024/00357,chamarajanagar,2024-05-08,2024-05-08,closed
INC000357,SHI/2025/00358,shivamogga,2025-05-10,2025-05-11,registered
INC000358,VIJ/2024/00359,vijayanagara,2024-05-01,2024-05-02,registered
INC000359,DAV/2025/00360,davanagere,2025-08-16,2025-08-17,investigation
INC000360,UDU/2024/00361,udupi,2024-04-11,2024-04-13,chargesheet_filed
INC000361,BAG/2025/00362,bagalkot,2025-07-04,2025-07-06,registered
INC000362,BEN/2025/00363,bengaluru_rural,2025-02-21,2025-02-22,registered
INC000363,KOD/2024/00364,kodagu,2024-10-22,2024-10-24,registered
INC000364,KOP/2025/00365,koppal,2025-04-12,2025-04-14,investigation
INC000365,HAV/2025/00366,haveri,2025-11-21,2025-11-23,registered
INC000366,DHA/2025/00367,dharwad,2025-02-08,2025-02-10,chargesheet_filed
INC000367,DAK/2024/00368,dakshina_kannada,2024-07-22,2024-07-22,chargesheet_filed
INC000368,CHI/2025/00369,chikkamagaluru,2025-06-07,2025-06-07,chargesheet_filed
INC000369,MAN/2024/00370,mandya,2024-08-24,2024-08-24,registered
INC000370,KOP/2025/00371,koppal,2025-01-26,2025-01-28,investigation
INC000371,SHI/2025/00372,shivamogga,2025-11-07,2025-11-09,chargesheet_filed
INC000372,DHA/2024/00373,dharwad,2024-05-01,2024-05-02,investigation
INC000373,KOD/2024/00374,kodagu,2024-06-30,2024-07-02,closed
INC000374,CHI/2024/00375,chitradurga,2024-05-17,2024-05-19,investigation
INC000375,UTT/2025/00376,uttara_kannada,2025-07-29,2025-07-29,chargesheet_filed
INC000376,DAV/2025/00377,davanagere,2025-01-10,2025-01-12,chargesheet_filed
INC000377,GAD/2024/00378,gadag,2024-12-31,2025-01-01,registered
INC000378,BEL/2025/00379,belagavi,2025-12-05,2025-12-06,registered
INC000379,MYS/2025/00380,mysuru,2025-04-16,2025-04-17,chargesheet_filed
INC000380,RAI/2024/00381,raichur,2024-04-12,2024-04-14,investigation
INC000381,GAD/2025/00382,gadag,2025-01-07,2025-01-07,investigation
INC000382,CHI/2024/00383,chitradurga,2024-02-18,2024-02-20,investigation
INC000383,BEL/2024/00384,belagavi,2024-10-06,2024-10-08,chargesheet_filed
INC000384,UDU/2025/00385,udupi,2025-10-29,2025-10-30,chargesheet_filed
INC000385,MAN/2024/00386,mandya,2024-01-20,2024-01-22,chargesheet_filed
INC000386,VIJ/2024/00387,vijayanagara,2024-10-01,2024-10-03,chargesheet_filed
INC000387,HAS/2025/00388,hassan,2025-01-08,2025-01-08,investigation
INC000388,CHA/2025/00389,chamarajanagar,2025-10-11,2025-10-12,investigation
INC000389,CHI/2025/00390,chikballapur,2025-02-19,2025-02-19,registered
INC000390,CHI/2024/00391,chikkamagaluru,2024-01-30,2024-01-31,chargesheet_filed
INC000391,UTT/2024/00392,uttara_kannada,2024-02-26,2024-02-26,investigation
INC000392,YAD/2025/00393,yadgir,2025-02-10,2025-02-12,chargesheet_filed
INC000393,VIJ/2025/00394,vijayapura,2025-05-23,2025-05-23,investigation
INC000394,CHA/2025/00395,chamarajanagar,2025-03-09,2025-03-09,registered
INC000395,MYS/2025/00396,mysuru,2025-05-01,2025-05-01,closed
INC000396,MAN/2024/00397,mandya,2024-01-22,2024-01-24,registered
INC000397,MAN/2024/00398,mandya,2024-11-12,2024-11-14,investigation
INC000398,VIJ/2024/00399,vijayanagara,2024-01-09,2024-01-10,closed
INC000399,UTT/2024/00400,uttara_kannada,2024-08-03,2024-08-03,closed
INC000400,CHI/2025/00401,chikkamagaluru,2025-12-16,2025-12-18,registered
INC000401,BAG/2025/00402,bagalkot,2025-12-12,2025-12-12,chargesheet_filed
INC000402,CHA/2025/00403,chamarajanagar,2025-02-14,2025-02-16,investigation
INC000403,RAI/2025/00404,raichur,2025-06-12,2025-06-14,chargesheet_filed
INC000404,UTT/2025/00405,uttara_kannada,2025-05-04,2025-05-06,registered
INC000405,VIJ/2024/00406,vijayanagara,2024-01-24,2024-01-26,chargesheet_filed
INC000406,UTT/2025/00407,uttara_kannada,2025-12-19,2025-12-19,registered
INC000407,YAD/2024/00408,yadgir,2024-04-01,2024-04-02,investigation
INC000408,HAV/2025/00409,haveri,2025-11-20,2025-11-20,investigation
INC000409,CHA/2025/00410,chamarajanagar,2025-11-24,2025-11-25,investigation
INC000410,HAS/2025/00411,hassan,2025-09-24,2025-09-24,investigation
INC000411,RAI/2024/00412,raichur,2024-11-27,2024-11-28,chargesheet_filed
INC000412,YAD/2025/00413,yadgir,2025-09-12,2025-09-14,closed
INC000413,KOP/2025/00414,koppal,2025-05-31,2025-06-01,investigation
INC000414,DAK/2024/00415,dakshina_kannada,2024-04-01,2024-04-03,chargesheet_filed
INC000415,HAV/2024/00416,haveri,2024-05-10,2024-05-11,chargesheet_filed
INC000416,VIJ/2025/00417,vijayapura,2025-03-22,2025-03-22,investigation
INC000417,BID/2024/00418,bidar,2024-09-23,2024-09-25,investigation
INC000418,HAV/2025/00419,haveri,2025-07-28,2025-07-29,investigation
INC000419,BID/2024/00420,bidar,2024-10-17,2024-10-17,chargesheet_filed
INC000420,MYS/2024/00421,mysuru,2024-10-18,2024-10-20,registered
INC000421,BEL/2024/00422,belagavi,2024-01-30,2024-01-31,chargesheet_filed
INC000422,TUM/2024/00423,tumakuru,2024-02-19,2024-02-21,investigation
INC000423,CHI/2025/00424,chikkamagaluru,2025-02-12,2025-02-12,investigation
INC000424,SHI/2025/00425,shivamogga,2025-02-01,2025-02-02,investigation
INC000425,VIJ/2024/00426,vijayapura,2024-11-13,2024-11-15,chargesheet_filed
INC000426,HAS/2025/00427,hassan,2025-05-16,2025-05-17,investigation
INC000427,CHI/2025/00428,chikballapur,2025-11-23,2025-11-25,chargesheet_filed
INC000428,GAD/2025/00429,gadag,2025-04-24,2025-04-24,closed
INC000429,KAL/2024/00430,kalaburagi,2024-09-11,2024-09-12,investigation
INC000430,GAD/2025/00431,gadag,2025-06-06,2025-06-07,registered
INC000431,BAG/2025/00432,bagalkot,2025-05-30,2025-05-30,chargesheet_filed
INC000432,TUM/2025/00433,tumakuru,2025-09-30,2025-10-01,investigation
INC000433,BEN/2025/00434,bengaluru_rural,2025-11-20,2025-11-21,chargesheet_filed
INC000434,HAV/2025/00435,haveri,2025-11-02,2025-11-03,chargesheet_filed
INC000435,MYS/2025/00436,mysuru,2025-12-08,2025-12-10,chargesheet_filed
INC000436,BEN/2024/00437,bengaluru_rural,2024-07-14,2024-07-14,chargesheet_filed
INC000437,HAV/2024/00438,haveri,2024-05-31,2024-06-01,registered
INC000438,UTT/2024/00439,uttara_kannada,2024-01-21,2024-01-22,chargesheet_filed
INC000439,BAG/2024/00440,bagalkot,2024-12-07,2024-12-07,chargesheet_filed
INC000440,DHA/2025/00441,dharwad,2025-05-14,2025-05-15,chargesheet_filed
INC000441,BAG/2025/00442,bagalkot,2025-06-24,2025-06-25,chargesheet_filed
INC000442,BID/2024/00443,bidar,2024-01-22,2024-01-23,chargesheet_filed
INC000443,VIJ/2025/00444,vijayanagara,2025-08-24,2025-08-26,investigation
INC000444,YAD/2025/00445,yadgir,2025-02-03,2025-02-04,chargesheet_filed
INC000445,RAM/2025/00446,ramanagara,2025-12-08,2025-12-08,chargesheet_filed
INC000446,TUM/2024/00447,tumakuru,2024-04-13,2024-04-14,closed
INC000447,DAK/2024/00448,dakshina_kannada,2024-03-06,2024-03-07,registered
INC000448,DAK/2024/00449,dakshina_kannada,2024-09-21,2024-09-22,chargesheet_filed
INC000449,TUM/2025/00450,tumakuru,2025-03-24,2025-03-25,closed
INC000450,BEN/2025/00451,bengaluru_rural,2025-06-03,2025-06-03,chargesheet_filed
INC000451,UTT/2024/00452,uttara_kannada,2024-05-05,2024-05-05,investigation
INC000452,KAL/2024/00453,kalaburagi,2024-10-20,2024-10-20,registered
INC000453,TUM/2025/00454,tumakuru,2025-06-12,2025-06-14,investigation
INC000454,DAK/2024/00455,dakshina_kannada,2024-03-27,2024-03-28,investigation
INC000455,VIJ/2025/00456,vijayanagara,2025-11-07,2025-11-09,investigation
INC000456,RAI/2025/00457,raichur,2025-10-08,2025-10-10,closed
INC000457,DHA/2025/00458,dharwad,2025-12-18,2025-12-19,chargesheet_filed
INC000458,KOD/2024/00459,kodagu,2024-02-07,2024-02-08,investigation
INC000459,KAL/2024/00460,kalaburagi,2024-05-09,2024-05-11,investigation
INC000460,CHI/2025/00461,chitradurga,2025-07-19,2025-07-21,investigation
INC000461,CHI/2025/00462,chikkamagaluru,2025-01-16,2025-01-18,chargesheet_filed
INC000462,YAD/2025/00463,yadgir,2025-10-28,2025-10-28,investigation
INC000463,DAK/2025/00464,dakshina_kannada,2025-04-09,2025-04-09,chargesheet_filed
INC000464,RAM/2025/00465,ramanagara,2025-06-16,2025-06-16,registered
INC000465,GAD/2024/00466,gadag,2024-03-04,2024-03-04,investigation
INC000466,KAL/2025/00467,kalaburagi,2025-11-24,2025-11-25,chargesheet_filed
INC000467,KAL/2024/00468,kalaburagi,2024-05-27,2024-05-27,investigation
INC000468,UTT/2025/00469,uttara_kannada,2025-06-09,2025-06-11,registered
INC000469,KOL/2025/00470,kolar,2025-01-13,2025-01-14,registered
INC000470,DAV/2024/00471,davanagere,2024-11-08,2024-11-09,investigation
INC000471,BEN/2024/00472,bengaluru_rural,2024-01-03,2024-01-05,investigation
INC000472,MAN/2025/00473,mandya,2025-05-31,2025-06-01,chargesheet_filed
INC000473,VIJ/2025/00474,vijayapura,2025-11-17,2025-11-18,chargesheet_filed
INC000474,KAL/2025/00475,kalaburagi,2025-08-06,2025-08-06,chargesheet_filed
INC000475,TUM/2024/00476,tumakuru,2024-03-27,2024-03-29,chargesheet_filed
INC000476,BEL/2024/00477,belagavi,2024-09-20,2024-09-20,closed
INC000477,KOP/2024/00478,koppal,2024-03-01,2024-03-02,investigation
INC000478,BEN/2025/00479,bengaluru_rural,2025-02-03,2025-02-04,registered
INC000479,CHI/2024/00480,chikkamagaluru,2024-04-27,2024-04-27,investigation
INC000480,MAN/2025/00481,mandya,2025-07-22,2025-07-22,investigation
INC000481,UDU/2024/00482,udupi,2024-01-02,2024-01-03,closed
INC000482,CHA/2025/00483,chamarajanagar,2025-10-09,2025-10-11,chargesheet_filed
INC000483,KOL/2025/00484,kolar,2025-06-30,2025-06-30,investigation
INC000484,CHI/2025/00485,chikkamagaluru,2025-04-08,2025-04-08,chargesheet_filed
INC000485,BID/2025/00486,bidar,2025-11-19,2025-11-20,chargesheet_filed
INC000486,UDU/2024/00487,udupi,2024-12-27,2024-12-28,chargesheet_filed
INC000487,MYS/2024/00488,mysuru,2024-10-14,2024-10-16,investigation
INC000488,MAN/2025/00489,mandya,2025-09-20,2025-09-21,chargesheet_filed
INC000489,DHA/2025/00490,dharwad,2025-10-15,2025-10-15,closed
INC000490,VIJ/2024/00491,vijayanagara,2024-09-22,2024-09-24,closed
INC000491,MYS/2025/00492,mysuru,2025-10-18,2025-10-20,registered
INC000492,CHI/2024/00493,chikkamagaluru,2024-02-18,2024-02-19,chargesheet_filed
INC000493,DAK/2024/00494,dakshina_kannada,2024-07-18,2024-07-18,closed
INC000494,MAN/2025/00495,mandya,2025-10-03,2025-10-03,registered
INC000495,KAL/2024/00496,kalaburagi,2024-12-07,2024-12-07,closed
INC000496,HAS/2025/00497,hassan,2025-09-26,2025-09-26,chargesheet_filed
INC000497,VIJ/2024/00498,vijayanagara,2024-03-03,2024-03-03,investigation
INC000498,BAL/2025/00499,ballari,2025-11-24,2025-11-26,registered
INC000499,TUM/2025/00500,tumakuru,2025-04-20,2025-04-21,closed
INC000500,YAD/2025/00501,yadgir,2025-10-28,2025-10-30,chargesheet_filed
INC000501,KAL/2025/00502,kalaburagi,2025-10-14,2025-10-15,investigation
INC000502,GAD/2025/00503,gadag,2025-08-21,2025-08-23,closed
INC000503,KAL/2024/00504,kalaburagi,2024-01-09,2024-01-11,chargesheet_filed
INC000504,KAL/2024/00505,kalaburagi,2024-08-31,2024-09-02,closed
INC000505,CHI/2025/00506,chitradurga,2025-09-22,2025-09-23,investigation
INC000506,HAV/2024/00507,haveri,2024-02-13,2024-02-13,closed
INC000507,BID/2025/00508,bidar,2025-02-13,2025-02-13,investigation
INC000508,KOD/2024/00509,kodagu,2024-01-31,2024-01-31,registered
INC000509,RAM/2024/00510,ramanagara,2024-09-25,2024-09-25,investigation
INC000510,VIJ/2024/00511,vijayanagara,2024-12-12,2024-12-12,investigation
INC000511,KOD/2024/00512,kodagu,2024-07-15,2024-07-16,chargesheet_filed
INC000512,TUM/2025/00513,tumakuru,2025-10-06,2025-10-07,closed
INC000513,SHI/2025/00514,shivamogga,2025-10-22,2025-10-24,investigation
INC000514,VIJ/2025/00515,vijayanagara,2025-10-15,2025-10-17,chargesheet_filed
INC000515,CHI/2025/00516,chikkamagaluru,2025-01-18,2025-01-20,registered
INC000516,GAD/2025/00517,gadag,2025-04-23,2025-04-24,investigation
INC000517,UDU/2024/00518,udupi,2024-10-28,2024-10-30,chargesheet_filed
INC000518,MYS/2024/00519,mysuru,2024-07-20,2024-07-21,investigation
INC000519,YAD/2025/00520,yadgir,2025-02-17,2025-02-18,chargesheet_filed
INC000520,HAV/2024/00521,haveri,2024-01-13,2024-01-15,chargesheet_filed
INC000521,UTT/2024/00522,uttara_kannada,2024-06-01,2024-06-02,investigation
INC000522,CHI/2024/00523,chitradurga,2024-12-22,2024-12-24,investigation
INC000523,KOD/2025/00524,kodagu,2025-04-01,2025-04-01,investigation
INC000524,RAI/2025/00525,raichur,2025-11-06,2025-11-06,investigation
INC000525,MAN/2025/00526,mandya,2025-12-09,2025-12-10,investigation
INC000526,BEN/2025/00527,bengaluru_rural,2025-01-25,2025-01-26,registered
INC000527,UTT/2024/00528,uttara_kannada,2024-11-14,2024-11-15,closed
INC000528,DHA/2025/00529,dharwad,2025-11-26,2025-11-26,chargesheet_filed
INC000529,CHI/2025/00530,chikkamagaluru,2025-09-05,2025-09-07,chargesheet_filed
INC000530,UTT/2025/00531,uttara_kannada,2025-12-18,2025-12-19,chargesheet_filed
INC000531,CHI/2025/00532,chitradurga,2025-02-04,2025-02-06,closed
INC000532,CHA/2025/00533,chamarajanagar,2025-03-28,2025-03-30,investigation
INC000533,DHA/2025/00534,dharwad,2025-08-12,2025-08-13,chargesheet_filed
INC000534,CHI/2025/00535,chikballapur,2025-10-04,2025-10-05,investigation
INC000535,BEN/2024/00536,bengaluru_rural,2024-01-12,2024-01-13,chargesheet_filed
INC000536,BEN/2025/00537,bengaluru_rural,2025-10-22,2025-10-23,registered
INC000537,HAS/2024/00538,hassan,2024-07-04,2024-07-05,registered
INC000538,BAG/2025/00539,bagalkot,2025-07-11,2025-07-11,investigation
INC000539,CHA/2025/00540,chamarajanagar,2025-11-09,2025-11-09,investigation
INC000540,BEL/2024/00541,belagavi,2024-09-23,2024-09-24,chargesheet_filed
INC000541,RAI/2024/00542,raichur,2024-07-27,2024-07-28,chargesheet_filed
INC000542,MYS/2024/00543,mysuru,2024-03-20,2024-03-22,investigation
INC000543,KAL/2024/00544,kalaburagi,2024-08-15,2024-08-17,closed
INC000544,TUM/2024/00545,tumakuru,2024-06-23,2024-06-25,chargesheet_filed
INC000545,MAN/2025/00546,mandya,2025-01-22,2025-01-23,chargesheet_filed
INC000546,YAD/2025/00547,yadgir,2025-06-17,2025-06-18,investigation
INC000547,HAV/2025/00548,haveri,2025-07-21,2025-07-22,chargesheet_filed
INC000548,VIJ/2025/00549,vijayapura,2025-09-13,2025-09-13,investigation
INC000549,UTT/2024/00550,uttara_kannada,2024-12-12,2024-12-12,investigation
INC000550,DAK/2024/00551,dakshina_kannada,2024-02-28,2024-02-29,investigation
INC000551,BAG/2025/00552,bagalkot,2025-06-25,2025-06-25,chargesheet_filed
INC000552,RAM/2025/00553,ramanagara,2025-11-03,2025-11-04,registered
INC000553,BEN/2025/00554,bengaluru_rural,2025-11-13,2025-11-14,investigation
INC000554,BAL/2024/00555,ballari,2024-06-08,2024-06-10,chargesheet_filed
INC000555,BID/2025/00556,bidar,2025-09-24,2025-09-24,investigation
INC000556,BAL/2024/00557,ballari,2024-08-22,2024-08-23,closed
INC000557,GAD/2024/00558,gadag,2024-12-10,2024-12-12,registered
INC000558,CHA/2024/00559,chamarajanagar,2024-01-01,2024-01-02,investigation
INC000559,CHI/2024/00560,chitradurga,2024-07-08,2024-07-08,registered
INC000560,BEN/2024/00561,bengaluru_rural,2024-03-30,2024-03-30,chargesheet_filed
INC000561,KOD/2024/00562,kodagu,2024-02-14,2024-02-16,investigation
INC000562,YAD/2025/00563,yadgir,2025-06-20,2025-06-20,investigation
INC000563,HAV/2025/00564,haveri,2025-12-11,2025-12-13,chargesheet_filed
INC000564,KOL/2024/00565,kolar,2024-01-04,2024-01-06,registered
INC000565,BEN/2024/00566,bengaluru_urban,2024-02-16,2024-02-17,closed
INC000566,VIJ/2025/00567,vijayapura,2025-07-16,2025-07-18,investigation
INC000567,KOD/2025/00568,kodagu,2025-10-31,2025-10-31,chargesheet_filed
INC000568,HAS/2024/00569,hassan,2024-05-31,2024-05-31,chargesheet_filed
INC000569,GAD/2025/00570,gadag,2025-12-04,2025-12-04,investigation
INC000570,SHI/2024/00571,shivamogga,2024-01-14,2024-01-14,investigation
INC000571,CHI/2024/00572,chikballapur,2024-06-16,2024-06-16,chargesheet_filed
INC000572,DHA/2024/00573,dharwad,2024-08-17,2024-08-17,investigation
INC000573,VIJ/2024/00574,vijayapura,2024-03-19,2024-03-19,chargesheet_filed
INC000574,TUM/2024/00575,tumakuru,2024-10-04,2024-10-04,chargesheet_filed
INC000575,RAM/2024/00576,ramanagara,2024-05-30,2024-05-31,chargesheet_filed
INC000576,BEN/2025/00577,bengaluru_urban,2025-05-21,2025-05-23,closed
INC000577,BAG/2025/00578,bagalkot,2025-12-20,2025-12-20,closed
INC000578,BAL/2024/00579,ballari,2024-05-27,2024-05-29,registered
INC000579,DAV/2025/00580,davanagere,2025-08-31,2025-08-31,registered
INC000580,RAM/2025/00581,ramanagara,2025-03-02,2025-03-02,chargesheet_filed
INC000581,KAL/2024/00582,kalaburagi,2024-03-02,2024-03-02,registered
INC000582,KOP/2024/00583,koppal,2024-04-04,2024-04-04,investigation
INC000583,BEN/2024/00584,bengaluru_rural,2024-02-25,2024-02-25,registered
INC000584,BID/2024/00585,bidar,2024-12-09,2024-12-11,registered
INC000585,BEL/2025/00586,belagavi,2025-07-31,2025-08-01,registered
INC000586,BEN/2025/00587,bengaluru_urban,2025-02-11,2025-02-13,chargesheet_filed
INC000587,HAS/2024/00588,hassan,2024-10-24,2024-10-24,closed
INC000588,VIJ/2024/00589,vijayapura,2024-12-13,2024-12-15,chargesheet_filed
INC000589,HAS/2025/00590,hassan,2025-07-14,2025-07-15,investigation
INC000590,BID/2024/00591,bidar,2024-10-13,2024-10-15,chargesheet_filed
INC000591,HAS/2024/00592,hassan,2024-10-20,2024-10-21,chargesheet_filed
INC000592,DHA/2025/00593,dharwad,2025-12-17,2025-12-17,chargesheet_filed
INC000593,CHA/2024/00594,chamarajanagar,2024-07-03,2024-07-04,investigation
INC000594,KOL/2025/00595,kolar,2025-04-26,2025-04-26,closed
INC000595,BEL/2024/00596,belagavi,2024-09-15,2024-09-16,investigation
INC000596,YAD/2024/00597,yadgir,2024-12-16,2024-12-17,investigation
INC000597,VIJ/2024/00598,vijayanagara,2024-11-27,2024-11-27,investigation
INC000598,HAS/2025/00599,hassan,2025-11-21,2025-11-21,chargesheet_filed
INC000599,KOL/2024/00600,kolar,2024-12-22,2024-12-22,investigation
INC000600,GAD/2024/00601,gadag,2024-11-10,2024-11-11,investigation
INC000601,RAI/2025/00602,raichur,2025-01-25,2025-01-27,closed
INC000602,KOP/2024/00603,koppal,2024-04-16,2024-04-17,registered
INC000603,KOL/2025/00604,kolar,2025-07-11,2025-07-11,chargesheet_filed
INC000604,KAL/2025/00605,kalaburagi,2025-02-26,2025-02-27,investigation
INC000605,GAD/2025/00606,gadag,2025-06-15,2025-06-15,chargesheet_filed
INC000606,BEN/2025/00607,bengaluru_rural,2025-06-13,2025-06-15,chargesheet_filed
INC000607,YAD/2025/00608,yadgir,2025-08-13,2025-08-14,investigation
INC000608,KOL/2024/00609,kolar,2024-01-12,2024-01-13,registered
INC000609,CHI/2025/00610,chitradurga,2025-04-09,2025-04-09,chargesheet_filed
INC000610,BEN/2024/00611,bengaluru_urban,2024-04-23,2024-04-24,investigation
INC000611,HAV/2025/00612,haveri,2025-05-21,2025-05-21,investigation
INC000612,KOL/2024/00613,kolar,2024-11-01,2024-11-03,chargesheet_filed
INC000613,KOD/2024/00614,kodagu,2024-12-17,2024-12-17,investigation
INC000614,BEN/2024/00615,bengaluru_urban,2024-04-27,2024-04-27,registered
INC000615,CHA/2025/00616,chamarajanagar,2025-03-22,2025-03-24,chargesheet_filed
INC000616,KOP/2025/00617,koppal,2025-03-09,2025-03-10,investigation
INC000617,TUM/2025/00618,tumakuru,2025-02-11,2025-02-12,investigation
INC000618,HAS/2024/00619,hassan,2024-11-22,2024-11-24,chargesheet_filed
INC000619,CHA/2025/00620,chamarajanagar,2025-11-29,2025-11-29,chargesheet_filed
INC000620,BID/2024/00621,bidar,2024-10-08,2024-10-10,investigation
INC000621,HAV/2025/00622,haveri,2025-06-30,2025-06-30,chargesheet_filed
INC000622,UTT/2025/00623,uttara_kannada,2025-02-06,2025-02-08,closed
INC000623,CHA/2025/00624,chamarajanagar,2025-12-05,2025-12-07,closed
INC000624,TUM/2024/00625,tumakuru,2024-03-17,2024-03-18,investigation
INC000625,CHI/2025/00626,chikkamagaluru,2025-06-18,2025-06-19,chargesheet_filed
INC000626,MYS/2024/00627,mysuru,2024-03-17,2024-03-17,investigation
INC000627,KAL/2024/00628,kalaburagi,2024-08-12,2024-08-12,chargesheet_filed
INC000628,MAN/2025/00629,mandya,2025-03-09,2025-03-09,registered
INC000629,CHI/2024/00630,chikkamagaluru,2024-09-03,2024-09-03,investigation
INC000630,HAS/2025/00631,hassan,2025-05-29,2025-05-30,investigation
INC000631,YAD/2024/00632,yadgir,2024-04-21,2024-04-21,investigation
INC000632,UDU/2025/00633,udupi,2025-02-06,2025-02-08,investigation
INC000633,RAM/2024/00634,ramanagara,2024-07-27,2024-07-27,registered
INC000634,MYS/2024/00635,mysuru,2024-07-10,2024-07-11,investigation
INC000635,KOL/2025/00636,kolar,2025-04-28,2025-04-30,closed
INC000636,DAV/2025/00637,davanagere,2025-07-12,2025-07-13,registered
INC000637,BAG/2024/00638,bagalkot,2024-08-13,2024-08-13,chargesheet_filed
INC000638,VIJ/2025/00639,vijayapura,2025-06-23,2025-06-24,investigation
INC000639,HAV/2025/00640,haveri,2025-08-03,2025-08-05,registered
INC000640,BEL/2024/00641,belagavi,2024-10-23,2024-10-24,registered
INC000641,TUM/2024/00642,tumakuru,2024-02-21,2024-02-23,chargesheet_filed
INC000642,GAD/2024/00643,gadag,2024-02-02,2024-02-03,closed
INC000643,CHI/2024/00644,chitradurga,2024-05-18,2024-05-18,investigation
INC000644,YAD/2025/00645,yadgir,2025-04-24,2025-04-25,investigation
INC000645,VIJ/2025/00646,vijayanagara,2025-03-07,2025-03-08,chargesheet_filed
INC000646,CHI/2025/00647,chikkamagaluru,2025-04-18,2025-04-20,registered
INC000647,BEN/2024/00648,bengaluru_rural,2024-10-24,2024-10-26,chargesheet_filed
INC000648,KOD/2024/00649,kodagu,2024-02-24,2024-02-26,closed
INC000649,KAL/2024/00650,kalaburagi,2024-01-01,2024-01-01,investigation
INC000650,KOP/2024/00651,koppal,2024-08-28,2024-08-28,investigation
INC000651,RAM/2024/00652,ramanagara,2024-05-25,2024-05-27,chargesheet_filed
INC000652,CHI/2025/00653,chitradurga,2025-04-20,2025-04-21,registered
INC000653,VIJ/2024/00654,vijayapura,2024-11-06,2024-11-08,chargesheet_filed
INC000654,MAN/2024/00655,mandya,2024-12-23,2024-12-23,investigation
INC000655,RAI/2025/00656,raichur,2025-09-12,2025-09-13,chargesheet_filed
INC000656,BEN/2025/00657,bengaluru_rural,2025-05-26,2025-05-26,chargesheet_filed
INC000657,CHI/2025/00658,chikkamagaluru,2025-03-06,2025-03-06,registered
INC000658,RAI/2025/00659,raichur,2025-01-18,2025-01-19,investigation
INC000659,MAN/2025/00660,mandya,2025-03-20,2025-03-22,registered
INC000660,KOP/2025/00661,koppal,2025-08-07,2025-08-09,closed
INC000661,BAG/2025/00662,bagalkot,2025-05-25,2025-05-25,chargesheet_filed
INC000662,YAD/2024/00663,yadgir,2024-09-14,2024-09-15,registered
INC000663,GAD/2024/00664,gadag,2024-09-26,2024-09-27,investigation
INC000664,HAV/2024/00665,haveri,2024-07-28,2024-07-28,chargesheet_filed
INC000665,KAL/2024/00666,kalaburagi,2024-02-12,2024-02-12,chargesheet_filed
INC000666,RAI/2024/00667,raichur,2024-02-23,2024-02-24,chargesheet_filed
INC000667,SHI/2024/00668,shivamogga,2024-04-04,2024-04-06,chargesheet_filed
INC000668,BEN/2024/00669,bengaluru_urban,2024-11-17,2024-11-19,investigation
INC000669,CHA/2024/00670,chamarajanagar,2024-03-19,2024-03-20,chargesheet_filed
INC000670,VIJ/2024/00671,vijayapura,2024-11-22,2024-11-23,chargesheet_filed
INC000671,HAS/2024/00672,hassan,2024-05-25,2024-05-27,chargesheet_filed
INC000672,CHI/2024/00673,chitradurga,2024-02-04,2024-02-04,registered
INC000673,BAL/2025/00674,ballari,2025-11-06,2025-11-08,chargesheet_filed
INC000674,KOL/2024/00675,kolar,2024-04-21,2024-04-23,chargesheet_filed
INC000675,KOP/2024/00676,koppal,2024-09-12,2024-09-13,investigation
INC000676,YAD/2024/00677,yadgir,2024-01-18,2024-01-19,investigation
INC000677,MAN/2024/00678,mandya,2024-10-09,2024-10-09,registered
INC000678,CHI/2025/00679,chikkamagaluru,2025-07-20,2025-07-21,registered
INC000679,DAV/2024/00680,davanagere,2024-08-30,2024-09-01,investigation
INC000680,CHI/2024/00681,chitradurga,2024-10-28,2024-10-28,closed
INC000681,YAD/2024/00682,yadgir,2024-08-04,2024-08-04,investigation
INC000682,YAD/2024/00683,yadgir,2024-06-02,2024-06-02,chargesheet_filed
INC000683,VIJ/2024/00684,vijayanagara,2024-10-02,2024-10-02,investigation
INC000684,HAV/2024/00685,haveri,2024-12-26,2024-12-28,investigation
INC000685,GAD/2024/00686,gadag,2024-11-17,2024-11-19,closed
INC000686,BAG/2024/00687,bagalkot,2024-04-13,2024-04-15,investigation
INC000687,DHA/2025/00688,dharwad,2025-06-26,2025-06-28,chargesheet_filed
INC000688,RAI/2025/00689,raichur,2025-10-07,2025-10-07,chargesheet_filed
INC000689,KOL/2025/00690,kolar,2025-06-05,2025-06-07,investigation
INC000690,CHI/2024/00691,chitradurga,2024-02-19,2024-02-20,investigation
INC000691,CHI/2024/00692,chikkamagaluru,2024-12-21,2024-12-22,investigation
INC000692,BAG/2024/00693,bagalkot,2024-01-29,2024-01-30,chargesheet_filed
INC000693,UTT/2025/00694,uttara_kannada,2025-03-31,2025-03-31,closed
INC000694,GAD/2025/00695,gadag,2025-04-09,2025-04-09,closed
INC000695,RAM/2024/00696,ramanagara,2024-09-28,2024-09-29,investigation
INC000696,CHI/2024/00697,chikkamagaluru,2024-07-01,2024-07-03,investigation
INC000697,CHI/2025/00698,chitradurga,2025-10-07,2025-10-07,investigation
INC000698,BEN/2025/00699,bengaluru_rural,2025-03-05,2025-03-05,investigation
INC000699,KOD/2024/00700,kodagu,2024-10-24,2024-10-25,investigation
INC000700,GAD/2025/00701,gadag,2025-10-13,2025-10-13,chargesheet_filed
INC000701,BEL/2024/00702,belagavi,2024-04-02,2024-04-04,registered
INC000702,BAL/2025/00703,ballari,2025-02-27,2025-02-27,chargesheet_filed
INC000703,CHI/2025/00704,chitradurga,2025-02-11,2025-02-11,investigation
INC000704,BAG/2024/00705,bagalkot,2024-03-19,2024-03-19,chargesheet_filed
INC000705,HAS/2025/00706,hassan,2025-06-08,2025-06-08,registered
INC000706,HAV/2025/00707,haveri,2025-12-20,2025-12-22,investigation
INC000707,DHA/2024/00708,dharwad,2024-04-20,2024-04-20,investigation
INC000708,DHA/2025/00709,dharwad,2025-08-30,2025-09-01,chargesheet_filed
INC000709,UTT/2024/00710,uttara_kannada,2024-02-07,2024-02-07,investigation
INC000710,HAS/2025/00711,hassan,2025-05-15,2025-05-17,investigation
INC000711,BAL/2024/00712,ballari,2024-06-19,2024-06-20,investigation
INC000712,VIJ/2024/00713,vijayapura,2024-10-28,2024-10-29,chargesheet_filed
INC000713,KOP/2025/00714,koppal,2025-06-19,2025-06-20,investigation
INC000714,RAI/2025/00715,raichur,2025-04-26,2025-04-26,investigation
INC000715,CHI/2025/00716,chitradurga,2025-10-05,2025-10-06,chargesheet_filed
INC000716,BEN/2024/00717,bengaluru_urban,2024-10-13,2024-10-15,chargesheet_filed
INC000717,BEN/2024/00718,bengaluru_urban,2024-08-09,2024-08-09,investigation
INC000718,HAV/2024/00719,haveri,2024-09-03,2024-09-04,investigation
INC000719,MAN/2025/00720,mandya,2025-12-12,2025-12-13,investigation
INC000720,KOL/2025/00721,kolar,2025-03-28,2025-03-29,investigation
INC000721,BAL/2025/00722,ballari,2025-05-29,2025-05-31,investigation
INC000722,KOP/2025/00723,koppal,2025-04-29,2025-05-01,investigation
INC000723,DAK/2025/00724,dakshina_kannada,2025-07-11,2025-07-13,chargesheet_filed
INC000724,BID/2024/00725,bidar,2024-07-16,2024-07-17,registered
INC000725,BEL/2025/00726,belagavi,2025-04-22,2025-04-22,closed
INC000726,MYS/2024/00727,mysuru,2024-03-24,2024-03-26,closed
INC000727,BID/2024/00728,bidar,2024-05-15,2024-05-16,registered
INC000728,UDU/2025/00729,udupi,2025-05-16,2025-05-18,chargesheet_filed
INC000729,CHA/2025/00730,chamarajanagar,2025-08-22,2025-08-24,investigation
INC000730,MYS/2025/00731,mysuru,2025-04-23,2025-04-25,investigation
INC000731,MAN/2024/00732,mandya,2024-06-11,2024-06-11,investigation
INC000732,DAV/2025/00733,davanagere,2025-04-29,2025-05-01,investigation
INC000733,CHA/2024/00734,chamarajanagar,2024-06-16,2024-06-18,chargesheet_filed
INC000734,CHI/2024/00735,chitradurga,2024-01-01,2024-01-02,registered
INC000735,RAI/2024/00736,raichur,2024-06-12,2024-06-12,closed
INC000736,DAV/2024/00737,davanagere,2024-10-16,2024-10-17,chargesheet_filed
INC000737,DAV/2025/00738,davanagere,2025-09-15,2025-09-16,chargesheet_filed
INC000738,MAN/2024/00739,mandya,2024-11-05,2024-11-05,investigation
INC000739,BID/2024/00740,bidar,2024-03-25,2024-03-26,registered
INC000740,KAL/2025/00741,kalaburagi,2025-10-11,2025-10-12,chargesheet_filed
INC000741,KAL/2024/00742,kalaburagi,2024-01-08,2024-01-10,chargesheet_filed
INC000742,SHI/2024/00743,shivamogga,2024-09-15,2024-09-15,chargesheet_filed
INC000743,KOD/2025/00744,kodagu,2025-06-28,2025-06-28,registered
INC000744,RAM/2024/00745,ramanagara,2024-11-30,2024-12-02,chargesheet_filed
INC000745,TUM/2025/00746,tumakuru,2025-10-30,2025-10-30,chargesheet_filed
INC000746,KOP/2024/00747,koppal,2024-10-08,2024-10-09,closed
INC000747,BAG/2025/00748,bagalkot,2025-09-05,2025-09-07,investigation
INC000748,BEN/2024/00749,bengaluru_urban,2024-12-17,2024-12-18,closed
INC000749,CHI/2024/00750,chitradurga,2024-03-26,2024-03-27,investigation
INC000750,GAD/2025/00751,gadag,2025-10-01,2025-10-01,chargesheet_filed
INC000751,BID/2024/00752,bidar,2024-08-11,2024-08-11,chargesheet_filed
INC000752,KOD/2025/00753,kodagu,2025-10-07,2025-10-09,investigation
INC000753,DHA/2025/00754,dharwad,2025-04-20,2025-04-22,chargesheet_filed
INC000754,MAN/2025/00755,mandya,2025-09-16,2025-09-17,chargesheet_filed
INC000755,UTT/2025/00756,uttara_kannada,2025-09-07,2025-09-07,investigation
INC000756,CHI/2024/00757,chikballapur,2024-07-30,2024-07-30,closed
INC000757,YAD/2025/00758,yadgir,2025-06-16,2025-06-17,closed
INC000758,UDU/2025/00759,udupi,2025-09-13,2025-09-15,registered
INC000759,DAV/2025/00760,davanagere,2025-08-16,2025-08-17,chargesheet_filed
INC000760,DAK/2024/00761,dakshina_kannada,2024-09-23,2024-09-24,chargesheet_filed
INC000761,HAV/2024/00762,haveri,2024-11-10,2024-11-12,investigation
INC000762,UTT/2025/00763,uttara_kannada,2025-12-12,2025-12-13,investigation
INC000763,DAV/2024/00764,davanagere,2024-08-04,2024-08-06,chargesheet_filed
INC000764,BID/2025/00765,bidar,2025-10-25,2025-10-26,closed
INC000765,HAS/2025/00766,hassan,2025-10-27,2025-10-29,closed
INC000766,YAD/2025/00767,yadgir,2025-06-03,2025-06-05,chargesheet_filed
INC000767,KOD/2025/00768,kodagu,2025-12-07,2025-12-08,registered
INC000768,TUM/2025/00769,tumakuru,2025-04-20,2025-04-22,registered
INC000769,KOP/2024/00770,koppal,2024-03-26,2024-03-27,investigation
INC000770,HAV/2025/00771,haveri,2025-05-19,2025-05-21,investigation
INC000771,BID/2024/00772,bidar,2024-01-07,2024-01-07,registered
INC000772,BEN/2025/00773,bengaluru_rural,2025-05-28,2025-05-30,investigation
INC000773,SHI/2025/00774,shivamogga,2025-06-12,2025-06-14,investigation
INC000774,BAL/2025/00775,ballari,2025-03-11,2025-03-12,investigation
INC000775,KOD/2024/00776,kodagu,2024-11-25,2024-11-27,chargesheet_filed
INC000776,KOP/2024/00777,koppal,2024-02-17,2024-02-19,investigation
INC000777,VIJ/2024/00778,vijayanagara,2024-12-16,2024-12-17,registered
INC000778,KOD/2025/00779,kodagu,2025-03-24,2025-03-26,investigation
INC000779,DAK/2025/00780,dakshina_kannada,2025-04-24,2025-04-24,chargesheet_filed
INC000780,BAG/2025/00781,bagalkot,2025-06-25,2025-06-27,investigation
INC000781,UTT/2025/00782,uttara_kannada,2025-06-28,2025-06-28,chargesheet_filed
INC000782,KAL/2024/00783,kalaburagi,2024-03-15,2024-03-17,chargesheet_filed
INC000783,KOL/2025/00784,kolar,2025-03-13,2025-03-15,chargesheet_filed
INC000784,YAD/2024/00785,yadgir,2024-04-13,2024-04-13,chargesheet_filed
INC000785,BAG/2024/00786,bagalkot,2024-10-04,2024-10-04,closed
INC000786,UTT/2025/00787,uttara_kannada,2025-01-19,2025-01-21,investigation
INC000787,KOP/2024/00788,koppal,2024-08-02,2024-08-03,chargesheet_filed
INC000788,DAV/2024/00789,davanagere,2024-01-08,2024-01-09,closed
INC000789,KOL/2024/00790,kolar,2024-02-16,2024-02-16,registered
INC000790,TUM/2025/00791,tumakuru,2025-04-26,2025-04-26,closed
INC000791,CHA/2024/00792,chamarajanagar,2024-04-22,2024-04-23,investigation
INC000792,SHI/2024/00793,shivamogga,2024-05-27,2024-05-29,chargesheet_filed
INC000793,BEL/2024/00794,belagavi,2024-01-16,2024-01-16,closed
INC000794,HAV/2024/00795,haveri,2024-11-26,2024-11-28,chargesheet_filed
INC000795,CHI/2025/00796,chikkamagaluru,2025-09-21,2025-09-21,chargesheet_filed
INC000796,TUM/2025/00797,tumakuru,2025-08-16,2025-08-16,closed
INC000797,DAK/2024/00798,dakshina_kannada,2024-02-04,2024-02-04,chargesheet_filed
INC000798,DAK/2024/00799,dakshina_kannada,2024-10-13,2024-10-14,chargesheet_filed
INC000799,BEN/2024/00800,bengaluru_urban,2024-08-20,2024-08-21,investigation
INC000800,DAV/2024/00801,davanagere,2024-12-28,2024-12-30,investigation
INC000801,MAN/2024/00802,mandya,2024-06-11,2024-06-13,closed
INC000802,BEN/2025/00803,bengaluru_urban,2025-02-03,2025-02-05,closed
INC000803,BAL/2025/00804,ballari,2025-07-23,2025-07-24,registered
INC000804,VIJ/2024/00805,vijayapura,2024-03-13,2024-03-14,registered
INC000805,MYS/2025/00806,mysuru,2025-06-20,2025-06-21,investigation
INC000806,VIJ/2024/00807,vijayapura,2024-04-25,2024-04-27,chargesheet_filed
INC000807,UTT/2024/00808,uttara_kannada,2024-08-18,2024-08-20,investigation
INC000808,BEN/2025/00809,bengaluru_rural,2025-11-13,2025-11-15,chargesheet_filed
INC000809,KOL/2025/00810,kolar,2025-09-08,2025-09-08,registered
INC000810,KOL/2025/00811,kolar,2025-02-12,2025-02-12,registered
INC000811,DAV/2025/00812,davanagere,2025-02-26,2025-02-28,investigation
INC000812,KOP/2024/00813,koppal,2024-06-25,2024-06-27,chargesheet_filed
INC000813,DAK/2024/00814,dakshina_kannada,2024-07-26,2024-07-27,closed
INC000814,KOL/2024/00815,kolar,2024-06-21,2024-06-22,closed
INC000815,KOD/2024/00816,kodagu,2024-04-02,2024-04-03,investigation
INC000816,HAS/2024/00817,hassan,2024-10-27,2024-10-27,investigation
INC000817,YAD/2024/00818,yadgir,2024-05-28,2024-05-28,closed
INC000818,VIJ/2025/00819,vijayapura,2025-01-07,2025-01-07,investigation
INC000819,CHI/2025/00820,chikballapur,2025-12-10,2025-12-12,chargesheet_filed
INC000820,KOP/2025/00821,koppal,2025-04-21,2025-04-22,investigation
INC000821,KOD/2024/00822,kodagu,2024-06-24,2024-06-26,registered
INC000822,MYS/2025/00823,mysuru,2025-03-17,2025-03-18,investigation
INC000823,KAL/2025/00824,kalaburagi,2025-01-01,2025-01-02,chargesheet_filed
INC000824,BEN/2025/00825,bengaluru_urban,2025-02-17,2025-02-18,investigation
INC000825,SHI/2024/00826,shivamogga,2024-12-25,2024-12-25,chargesheet_filed
INC000826,UTT/2024/00827,uttara_kannada,2024-11-30,2024-11-30,closed
INC000827,BAG/2025/00828,bagalkot,2025-03-27,2025-03-29,registered
INC000828,VIJ/2024/00829,vijayanagara,2024-07-16,2024-07-18,chargesheet_filed
INC000829,BEN/2024/00830,bengaluru_urban,2024-04-29,2024-04-29,closed
INC000830,DAK/2025/00831,dakshina_kannada,2025-06-23,2025-06-23,investigation
INC000831,HAV/2024/00832,haveri,2024-11-25,2024-11-26,chargesheet_filed
INC000832,VIJ/2024/00833,vijayapura,2024-02-12,2024-02-14,chargesheet_filed
INC000833,RAM/2025/00834,ramanagara,2025-07-04,2025-07-06,chargesheet_filed
INC000834,VIJ/2025/00835,vijayanagara,2025-05-22,2025-05-23,investigation
INC000835,BID/2024/00836,bidar,2024-10-24,2024-10-25,chargesheet_filed
INC000836,KOP/2025/00837,koppal,2025-02-15,2025-02-15,chargesheet_filed
INC000837,CHI/2025/00838,chikkamagaluru,2025-02-27,2025-03-01,registered
INC000838,BID/2024/00839,bidar,2024-03-09,2024-03-11,investigation
INC000839,UTT/2025/00840,uttara_kannada,2025-02-08,2025-02-09,investigation
INC000840,BAL/2025/00841,ballari,2025-04-25,2025-04-26,investigation
INC000841,YAD/2024/00842,yadgir,2024-08-03,2024-08-03,investigation
INC000842,DHA/2024/00843,dharwad,2024-12-24,2024-12-24,closed
INC000843,BAG/2024/00844,bagalkot,2024-07-07,2024-07-08,registered
INC000844,VIJ/2025/00845,vijayanagara,2025-06-14,2025-06-15,investigation
INC000845,CHI/2025/00846,chitradurga,2025-07-31,2025-08-02,chargesheet_filed
INC000846,MAN/2025/00847,mandya,2025-07-03,2025-07-05,investigation
INC000847,TUM/2024/00848,tumakuru,2024-06-13,2024-06-14,registered
INC000848,DAV/2025/00849,davanagere,2025-04-16,2025-04-17,investigation
INC000849,RAI/2025/00850,raichur,2025-06-26,2025-06-26,chargesheet_filed
INC000850,VIJ/2025/00851,vijayapura,2025-04-26,2025-04-28,investigation
INC000851,KOL/2025/00852,kolar,2025-01-30,2025-01-30,investigation
INC000852,CHA/2024/00853,chamarajanagar,2024-02-24,2024-02-26,investigation
INC000853,BID/2024/00854,bidar,2024-11-06,2024-11-07,registered
INC000854,HAV/2024/00855,haveri,2024-04-09,2024-04-10,investigation
INC000855,HAS/2025/00856,hassan,2025-12-05,2025-12-05,closed
INC000856,RAI/2024/00857,raichur,2024-04-23,2024-04-23,investigation
INC000857,CHA/2025/00858,chamarajanagar,2025-08-27,2025-08-29,investigation
INC000858,MYS/2025/00859,mysuru,2025-03-19,2025-03-19,investigation
INC000859,BAG/2025/00860,bagalkot,2025-10-01,2025-10-02,investigation
INC000860,HAV/2024/00861,haveri,2024-05-15,2024-05-16,investigation
INC000861,TUM/2024/00862,tumakuru,2024-03-27,2024-03-27,investigation
INC000862,KOP/2024/00863,koppal,2024-06-08,2024-06-08,registered
INC000863,CHA/2024/00864,chamarajanagar,2024-03-22,2024-03-23,chargesheet_filed
INC000864,VIJ/2024/00865,vijayapura,2024-06-29,2024-07-01,chargesheet_filed
INC000865,UDU/2025/00866,udupi,2025-06-02,2025-06-03,chargesheet_filed
INC000866,BAL/2025/00867,ballari,2025-11-30,2025-11-30,investigation
INC000867,RAM/2025/00868,ramanagara,2025-03-16,2025-03-18,registered
INC000868,UDU/2025/00869,udupi,2025-01-05,2025-01-06,investigation
INC000869,DAK/2024/00870,dakshina_kannada,2024-02-13,2024-02-14,investigation
INC000870,VIJ/2025/00871,vijayapura,2025-01-09,2025-01-09,investigation
INC000871,YAD/2025/00872,yadgir,2025-02-05,2025-02-07,investigation
INC000872,KAL/2024/00873,kalaburagi,2024-11-27,2024-11-28,chargesheet_filed
INC000873,KOL/2024/00874,kolar,2024-12-15,2024-12-16,registered
INC000874,TUM/2025/00875,tumakuru,2025-12-16,2025-12-18,chargesheet_filed
INC000875,KOP/2024/00876,koppal,2024-05-31,2024-06-02,investigation
INC000876,UDU/2025/00877,udupi,2025-10-10,2025-10-12,investigation
INC000877,CHA/2024/00878,chamarajanagar,2024-11-23,2024-11-25,investigation
INC000878,BAG/2024/00879,bagalkot,2024-11-01,2024-11-01,chargesheet_filed
INC000879,RAI/2024/00880,raichur,2024-04-20,2024-04-22,investigation
INC000880,MAN/2024/00881,mandya,2024-11-18,2024-11-19,investigation
INC000881,BID/2024/00882,bidar,2024-05-23,2024-05-25,investigation
INC000882,KOD/2025/00883,kodagu,2025-06-21,2025-06-21,chargesheet_filed
INC000883,MAN/2024/00884,mandya,2024-09-24,2024-09-26,chargesheet_filed
INC000884,BAG/2024/00885,bagalkot,2024-11-26,2024-11-28,chargesheet_filed
INC000885,KOL/2025/00886,kolar,2025-12-14,2025-12-14,investigation
INC000886,DHA/2025/00887,dharwad,2025-10-04,2025-10-04,chargesheet_filed
INC000887,BID/2025/00888,bidar,2025-04-01,2025-04-01,registered
INC000888,UDU/2024/00889,udupi,2024-07-29,2024-07-31,chargesheet_filed
INC000889,HAV/2024/00890,haveri,2024-08-09,2024-08-11,investigation
INC000890,KOP/2025/00891,koppal,2025-09-23,2025-09-23,closed
INC000891,MAN/2025/00892,mandya,2025-03-09,2025-03-09,investigation
INC000892,CHI/2024/00893,chikballapur,2024-01-15,2024-01-16,closed
INC000893,GAD/2025/00894,gadag,2025-11-25,2025-11-26,investigation
INC000894,TUM/2024/00895,tumakuru,2024-07-11,2024-07-11,closed
INC000895,BID/2025/00896,bidar,2025-09-04,2025-09-05,chargesheet_filed
INC000896,MYS/2024/00897,mysuru,2024-12-21,2024-12-23,investigation
INC000897,MAN/2024/00898,mandya,2024-09-16,2024-09-17,investigation
INC000898,KAL/2025/00899,kalaburagi,2025-12-10,2025-12-12,registered
INC000899,KOL/2025/00900,kolar,2025-01-17,2025-01-18,chargesheet_filed
INC000900,UDU/2024/00901,udupi,2024-04-18,2024-04-20,closed
INC000901,BAG/2024/00902,bagalkot,2024-08-02,2024-08-03,registered
INC000902,CHA/2025/00903,chamarajanagar,2025-12-15,2025-12-16,investigation
INC000903,HAV/2025/00904,haveri,2025-10-12,2025-10-13,investigation
INC000904,KOD/2025/00905,kodagu,2025-05-14,2025-05-14,registered
INC000905,BAG/2024/00906,bagalkot,2024-11-13,2024-11-15,registered
INC000906,HAS/2025/00907,hassan,2025-06-02,2025-06-03,chargesheet_filed
INC000907,BEN/2024/00908,bengaluru_rural,2024-02-10,2024-02-12,investigation
INC000908,RAI/2024/00909,raichur,2024-08-16,2024-08-17,chargesheet_filed
INC000909,KOL/2024/00910,kolar,2024-05-22,2024-05-22,investigation
INC000910,BEL/2025/00911,belagavi,2025-03-22,2025-03-23,closed
INC000911,KOD/2025/00912,kodagu,2025-11-11,2025-11-12,chargesheet_filed
INC000912,KOD/2025/00913,kodagu,2025-11-03,2025-11-03,investigation
INC000913,CHA/2024/00914,chamarajanagar,2024-05-20,2024-05-22,investigation
INC000914,MAN/2025/00915,mandya,2025-06-09,2025-06-10,chargesheet_filed
INC000915,UDU/2025/00916,udupi,2025-11-18,2025-11-18,chargesheet_filed
INC000916,RAI/2025/00917,raichur,2025-03-19,2025-03-19,chargesheet_filed
INC000917,RAI/2025/00918,raichur,2025-06-07,2025-06-09,closed
INC000918,KAL/2025/00919,kalaburagi,2025-10-06,2025-10-06,investigation
INC000919,TUM/2025/00920,tumakuru,2025-09-04,2025-09-06,investigation
INC000920,TUM/2025/00921,tumakuru,2025-10-15,2025-10-17,chargesheet_filed
INC000921,UDU/2024/00922,udupi,2024-09-17,2024-09-19,closed
INC000922,KAL/2024/00923,kalaburagi,2024-09-17,2024-09-19,investigation
INC000923,GAD/2025/00924,gadag,2025-03-13,2025-03-14,investigation
INC000924,BAL/2025/00925,ballari,2025-12-04,2025-12-04,registered
INC000925,DAK/2024/00926,dakshina_kannada,2024-06-04,2024-06-04,investigation
INC000926,KOP/2025/00927,koppal,2025-02-20,2025-02-20,closed
INC000927,RAI/2024/00928,raichur,2024-08-25,2024-08-26,investigation
INC000928,DAV/2024/00929,davanagere,2024-01-22,2024-01-22,chargesheet_filed
INC000929,VIJ/2024/00930,vijayapura,2024-09-11,2024-09-12,closed
INC000930,VIJ/2024/00931,vijayanagara,2024-01-21,2024-01-22,registered
INC000931,RAI/2025/00932,raichur,2025-01-25,2025-01-25,registered
INC000932,CHI/2024/00933,chitradurga,2024-10-12,2024-10-12,chargesheet_filed
INC000933,RAI/2024/00934,raichur,2024-08-29,2024-08-29,registered
INC000934,KAL/2024/00935,kalaburagi,2024-01-09,2024-01-11,closed
INC000935,UTT/2024/00936,uttara_kannada,2024-02-19,2024-02-21,chargesheet_filed
INC000936,RAI/2025/00937,raichur,2025-04-18,2025-04-18,chargesheet_filed
INC000937,DAV/2025/00938,davanagere,2025-07-17,2025-07-19,chargesheet_filed
INC000938,DHA/2025/00939,dharwad,2025-09-06,2025-09-07,investigation
INC000939,VIJ/2024/00940,vijayapura,2024-09-07,2024-09-08,investigation
INC000940,BAL/2025/00941,ballari,2025-10-17,2025-10-18,investigation
INC000941,VIJ/2024/00942,vijayanagara,2024-03-10,2024-03-12,investigation
INC000942,MAN/2025/00943,mandya,2025-07-29,2025-07-31,investigation
INC000943,YAD/2025/00944,yadgir,2025-05-14,2025-05-14,closed
INC000944,BAG/2024/00945,bagalkot,2024-08-13,2024-08-13,investigation
INC000945,VIJ/2024/00946,vijayanagara,2024-09-28,2024-09-28,closed
INC000946,UTT/2025/00947,uttara_kannada,2025-11-16,2025-11-17,closed
INC000947,YAD/2024/00948,yadgir,2024-01-23,2024-01-25,investigation
INC000948,KOD/2025/00949,kodagu,2025-04-20,2025-04-22,investigation
INC000949,GAD/2024/00950,gadag,2024-02-28,2024-02-29,closed
INC000950,DAK/2024/00951,dakshina_kannada,2024-08-28,2024-08-28,chargesheet_filed
INC000951,HAV/2025/00952,haveri,2025-12-15,2025-12-15,registered
INC000952,UDU/2024/00953,udupi,2024-02-09,2024-02-09,chargesheet_filed
INC000953,HAV/2025/00954,haveri,2025-04-18,2025-04-20,investigation
INC000954,DAV/2024/00955,davanagere,2024-12-12,2024-12-14,investigation
INC000955,BAL/2025/00956,ballari,2025-12-21,2025-12-23,closed
INC000956,BEL/2025/00957,belagavi,2025-04-04,2025-04-05,chargesheet_filed
INC000957,DHA/2025/00958,dharwad,2025-11-02,2025-11-02,investigation
INC000958,MYS/2024/00959,mysuru,2024-09-15,2024-09-16,chargesheet_filed
INC000959,VIJ/2024/00960,vijayapura,2024-04-05,2024-04-05,investigation
INC000960,HAV/2025/00961,haveri,2025-09-21,2025-09-23,investigation
INC000961,BAG/2025/00962,bagalkot,2025-07-05,2025-07-06,chargesheet_filed
INC000962,UDU/2024/00963,udupi,2024-11-03,2024-11-03,chargesheet_filed
INC000963,TUM/2024/00964,tumakuru,2024-01-03,2024-01-04,chargesheet_filed
INC000964,KOD/2024/00965,kodagu,2024-08-28,2024-08-30,investigation
INC000965,BID/2024/00966,bidar,2024-04-11,2024-04-13,investigation
INC000966,UTT/2024/00967,uttara_kannada,2024-03-19,2024-03-19,closed
INC000967,SHI/2024/00968,shivamogga,2024-10-03,2024-10-04,investigation
INC000968,TUM/2024/00969,tumakuru,2024-04-04,2024-04-04,chargesheet_filed
INC000969,BAG/2025/00970,bagalkot,2025-05-05,2025-05-06,closed
INC000970,KOD/2024/00971,kodagu,2024-08-20,2024-08-21,investigation
INC000971,DAK/2025/00972,dakshina_kannada,2025-10-26,2025-10-27,registered
INC000972,CHI/2025/00973,chikballapur,2025-10-01,2025-10-02,chargesheet_filed
INC000973,KAL/2024/00974,kalaburagi,2024-12-14,2024-12-15,registered
INC000974,DAV/2025/00975,davanagere,2025-06-21,2025-06-21,registered
INC000975,SHI/2024/00976,shivamogga,2024-10-10,2024-10-12,closed
INC000976,CHI/2025/00977,chitradurga,2025-07-16,2025-07-18,chargesheet_filed
INC000977,CHI/2025/00978,chitradurga,2025-02-17,2025-02-18,registered
INC000978,CHI/2025/00979,chikkamagaluru,2025-01-04,2025-01-04,chargesheet_filed
INC000979,BID/2024/00980,bidar,2024-08-11,2024-08-13,closed
INC000980,MYS/2024/00981,mysuru,2024-03-01,2024-03-02,investigation
INC000981,BAG/2024/00982,bagalkot,2024-09-18,2024-09-18,investigation
INC000982,MYS/2024/00983,mysuru,2024-09-12,2024-09-13,registered
INC000983,RAM/2024/00984,ramanagara,2024-07-30,2024-08-01,chargesheet_filed
INC000984,HAV/2024/00985,haveri,2024-12-27,2024-12-28,closed
INC000985,BEN/2024/00986,bengaluru_urban,2024-07-27,2024-07-28,investigation
INC000986,UDU/2024/00987,udupi,2024-07-24,2024-07-25,closed
INC000987,BEN/2025/00988,bengaluru_rural,2025-07-18,2025-07-19,chargesheet_filed
INC000988,SHI/2024/00989,shivamogga,2024-10-16,2024-10-18,closed
INC000989,CHA/2025/00990,chamarajanagar,2025-08-04,2025-08-04,registered
INC000990,DAK/2025/00991,dakshina_kannada,2025-04-28,2025-04-28,closed
INC000991,GAD/2025/00992,gadag,2025-08-01,2025-08-01,investigation
INC000992,BEN/2024/00993,bengaluru_rural,2024-04-09,2024-04-10,chargesheet_filed
INC000993,BID/2025/00994,bidar,2025-05-02,2025-05-04,chargesheet_filed
INC000994,SHI/2025/00995,shivamogga,2025-03-13,2025-03-14,chargesheet_filed
INC000995,BAG/2024/00996,bagalkot,2024-04-09,2024-04-11,investigation
INC000996,RAM/2024/00997,ramanagara,2024-06-09,2024-06-09,investigation
INC000997,UDU/2024/00998,udupi,2024-07-28,2024-07-30,investigation
INC000998,CHA/2024/00999,chamarajanagar,2024-04-21,2024-04-21,investigation
INC000999,CHI/2024/01000,chikkamagaluru,2024-08-22,2024-08-24,chargesheet_filed
INC001000,CHI/2024/01001,chikkamagaluru,2024-06-25,2024-06-26,investigation
INC001001,CHI/2025/01002,chikballapur,2025-12-12,2025-12-14,chargesheet_filed
INC001002,UTT/2024/01003,uttara_kannada,2024-09-03,2024-09-05,chargesheet_filed
INC001003,KAL/2025/01004,kalaburagi,2025-07-05,2025-07-07,registered
INC001004,BEN/2025/01005,bengaluru_urban,2025-12-16,2025-12-18,investigation
INC001005,SHI/2024/01006,shivamogga,2024-02-03,2024-02-05,chargesheet_filed
INC001006,MAN/2025/01007,mandya,2025-03-25,2025-03-26,registered
INC001007,KOD/2024/01008,kodagu,2024-10-26,2024-10-26,chargesheet_filed
INC001008,GAD/2025/01009,gadag,2025-01-23,2025-01-24,registered
INC001009,KOL/2025/01010,kolar,2025-06-26,2025-06-26,investigation
INC001010,DAV/2024/01011,davanagere,2024-10-02,2024-10-04,registered
INC001011,KOD/2024/01012,kodagu,2024-09-03,2024-09-04,chargesheet_filed
INC001012,BID/2024/01013,bidar,2024-01-18,2024-01-18,registered
INC001013,HAV/2025/01014,haveri,2025-10-21,2025-10-21,chargesheet_filed
INC001014,MYS/2024/01015,mysuru,2024-05-24,2024-05-25,chargesheet_filed
INC001015,CHI/2025/01016,chitradurga,2025-06-25,2025-06-26,registered
INC001016,RAM/2024/01017,ramanagara,2024-07-10,2024-07-12,investigation
INC001017,KOL/2024/01018,kolar,2024-10-13,2024-10-15,chargesheet_filed
INC001018,CHI/2024/01019,chikballapur,2024-08-19,2024-08-21,chargesheet_filed
INC001019,UTT/2024/01020,uttara_kannada,2024-10-23,2024-10-24,investigation
INC001020,CHA/2024/01021,chamarajanagar,2024-08-01,2024-08-03,investigation
INC001021,KOD/2025/01022,kodagu,2025-06-22,2025-06-22,chargesheet_filed
INC001022,VIJ/2024/01023,vijayanagara,2024-08-19,2024-08-21,chargesheet_filed
INC001023,KOL/2024/01024,kolar,2024-08-01,2024-08-01,investigation
INC001024,BEN/2024/01025,bengaluru_rural,2024-09-27,2024-09-29,closed
INC001025,DAV/2025/01026,davanagere,2025-09-27,2025-09-29,chargesheet_filed
INC001026,MAN/2024/01027,mandya,2024-02-29,2024-03-02,investigation
INC001027,YAD/2024/01028,yadgir,2024-06-23,2024-06-23,chargesheet_filed
INC001028,BEN/2024/01029,bengaluru_urban,2024-09-18,2024-09-20,chargesheet_filed
INC001029,KAL/2025/01030,kalaburagi,2025-03-21,2025-03-23,registered
INC001030,YAD/2025/01031,yadgir,2025-03-12,2025-03-12,closed
INC001031,DAK/2024/01032,dakshina_kannada,2024-06-06,2024-06-08,investigation
INC001032,GAD/2025/01033,gadag,2025-05-12,2025-05-14,chargesheet_filed
INC001033,CHI/2024/01034,chitradurga,2024-08-03,2024-08-05,closed
INC001034,TUM/2024/01035,tumakuru,2024-11-07,2024-11-09,closed
INC001035,UTT/2024/01036,uttara_kannada,2024-12-16,2024-12-18,closed
INC001036,CHA/2025/01037,chamarajanagar,2025-06-25,2025-06-25,chargesheet_filed
INC001037,VIJ/2024/01038,vijayanagara,2024-10-23,2024-10-23,chargesheet_filed
INC001038,BEN/2024/01039,bengaluru_urban,2024-04-01,2024-04-03,chargesheet_filed
INC001039,BID/2024/01040,bidar,2024-06-28,2024-06-28,investigation
INC001040,YAD/2025/01041,yadgir,2025-03-16,2025-03-16,investigation
INC001041,KOD/2024/01042,kodagu,2024-06-27,2024-06-29,investigation
INC001042,BEN/2024/01043,bengaluru_urban,2024-12-18,2024-12-20,chargesheet_filed
INC001043,KOL/2024/01044,kolar,2024-04-05,2024-04-06,investigation
INC001044,CHI/2025/01045,chikkamagaluru,2025-08-08,2025-08-08,chargesheet_filed
INC001045,BEL/2024/01046,belagavi,2024-08-17,2024-08-17,registered
INC001046,KOP/2024/01047,koppal,2024-03-08,2024-03-10,investigation
INC001047,MAN/2025/01048,mandya,2025-08-19,2025-08-19,registered
INC001048,VIJ/2024/01049,vijayapura,2024-02-29,2024-02-29,chargesheet_filed
INC001049,BEN/2025/01050,bengaluru_urban,2025-02-25,2025-02-26,registered
INC001050,CHI/2025/01051,chikkamagaluru,2025-02-10,2025-02-10,closed
INC001051,VIJ/2025/01052,vijayanagara,2025-02-14,2025-02-14,investigation
INC001052,BEN/2024/01053,bengaluru_urban,2024-08-31,2024-09-01,investigation
INC001053,UTT/2024/01054,uttara_kannada,2024-09-27,2024-09-29,investigation
INC001054,UDU/2025/01055,udupi,2025-02-09,2025-02-09,investigation
INC001055,MYS/2024/01056,mysuru,2024-05-25,2024-05-27,investigation
INC001056,BID/2024/01057,bidar,2024-09-24,2024-09-26,chargesheet_filed
INC001057,HAS/2025/01058,hassan,2025-05-18,2025-05-18,chargesheet_filed
INC001058,YAD/2024/01059,yadgir,2024-12-12,2024-12-14,registered
INC001059,DHA/2025/01060,dharwad,2025-08-25,2025-08-27,closed
INC001060,UTT/2025/01061,uttara_kannada,2025-05-04,2025-05-05,investigation
INC001061,DAK/2024/01062,dakshina_kannada,2024-07-03,2024-07-05,investigation
INC001062,BAG/2025/01063,bagalkot,2025-11-26,2025-11-27,chargesheet_filed
INC001063,SHI/2024/01064,shivamogga,2024-12-01,2024-12-03,closed
INC001064,YAD/2024/01065,yadgir,2024-02-08,2024-02-10,chargesheet_filed
INC001065,HAS/2025/01066,hassan,2025-10-24,2025-10-26,chargesheet_filed
INC001066,BAG/2025/01067,bagalkot,2025-05-04,2025-05-06,investigation
INC001067,KAL/2025/01068,kalaburagi,2025-09-30,2025-10-01,chargesheet_filed
INC001068,CHA/2024/01069,chamarajanagar,2024-05-12,2024-05-13,closed
INC001069,BAG/2025/01070,bagalkot,2025-10-20,2025-10-21,chargesheet_filed
INC001070,BAG/2025/01071,bagalkot,2025-12-03,2025-12-05,registered
INC001071,BEN/2025/01072,bengaluru_urban,2025-04-16,2025-04-17,chargesheet_filed
INC001072,BEL/2024/01073,belagavi,2024-12-14,2024-12-16,chargesheet_filed
INC001073,UTT/2025/01074,uttara_kannada,2025-02-17,2025-02-19,investigation
INC001074,YAD/2025/01075,yadgir,2025-06-15,2025-06-17,investigation
INC001075,HAV/2024/01076,haveri,2024-04-25,2024-04-25,registered
INC001076,HAS/2024/01077,hassan,2024-11-10,2024-11-10,investigation
INC001077,HAS/2025/01078,hassan,2025-06-21,2025-06-22,registered
INC001078,YAD/2025/01079,yadgir,2025-04-12,2025-04-12,chargesheet_filed
INC001079,KOD/2024/01080,kodagu,2024-08-28,2024-08-29,investigation
INC001080,BEN/2024/01081,bengaluru_urban,2024-10-13,2024-10-14,chargesheet_filed
INC001081,VIJ/2025/01082,vijayanagara,2025-05-29,2025-05-29,closed
INC001082,MAN/2025/01083,mandya,2025-01-16,2025-01-16,registered
INC001083,KOD/2024/01084,kodagu,2024-02-04,2024-02-06,investigation
INC001084,KAL/2024/01085,kalaburagi,2024-11-06,2024-11-08,investigation
INC001085,DAV/2024/01086,davanagere,2024-06-02,2024-06-04,closed
INC001086,BEN/2024/01087,bengaluru_urban,2024-03-05,2024-03-07,registered
INC001087,HAS/2025/01088,hassan,2025-05-16,2025-05-17,registered
INC001088,MYS/2025/01089,mysuru,2025-04-27,2025-04-28,investigation
INC001089,YAD/2025/01090,yadgir,2025-01-23,2025-01-23,investigation
INC001090,BEL/2024/01091,belagavi,2024-05-03,2024-05-04,chargesheet_filed
INC001091,CHA/2025/01092,chamarajanagar,2025-08-13,2025-08-15,investigation
INC001092,MYS/2024/01093,mysuru,2024-04-13,2024-04-15,registered
INC001093,CHI/2024/01094,chikkamagaluru,2024-11-23,2024-11-24,registered
INC001094,TUM/2024/01095,tumakuru,2024-09-24,2024-09-25,chargesheet_filed
INC001095,SHI/2024/01096,shivamogga,2024-06-14,2024-06-16,closed
INC001096,BEN/2024/01097,bengaluru_urban,2024-01-29,2024-01-30,investigation
INC001097,HAS/2025/01098,hassan,2025-06-15,2025-06-16,chargesheet_filed
INC001098,UDU/2024/01099,udupi,2024-07-25,2024-07-27,closed
INC001099,RAM/2025/01100,ramanagara,2025-10-20,2025-10-21,chargesheet_filed
INC001100,CHA/2024/01101,chamarajanagar,2024-07-22,2024-07-22,chargesheet_filed
INC001101,RAM/2024/01102,ramanagara,2024-05-28,2024-05-28,registered
INC001102,GAD/2025/01103,gadag,2025-12-04,2025-12-05,chargesheet_filed
INC001103,BEN/2024/01104,bengaluru_rural,2024-04-27,2024-04-27,investigation
INC001104,RAM/2024/01105,ramanagara,2024-07-04,2024-07-05,chargesheet_filed
INC001105,MYS/2024/01106,mysuru,2024-12-11,2024-12-11,investigation
INC001106,MAN/2024/01107,mandya,2024-01-24,2024-01-26,registered
INC001107,CHA/2024/01108,chamarajanagar,2024-01-18,2024-01-20,chargesheet_filed
INC001108,TUM/2024/01109,tumakuru,2024-12-24,2024-12-26,chargesheet_filed
INC001109,KOP/2024/01110,koppal,2024-08-07,2024-08-08,registered
INC001110,DAK/2025/01111,dakshina_kannada,2025-03-10,2025-03-12,investigation
INC001111,KOP/2024/01112,koppal,2024-02-25,2024-02-25,investigation
INC001112,UTT/2025/01113,uttara_kannada,2025-02-26,2025-02-27,chargesheet_filed
INC001113,VIJ/2024/01114,vijayanagara,2024-09-12,2024-09-13,closed
INC001114,YAD/2024/01115,yadgir,2024-10-18,2024-10-18,investigation
INC001115,BAG/2025/01116,bagalkot,2025-06-10,2025-06-12,chargesheet_filed
INC001116,BEN/2025/01117,bengaluru_rural,2025-07-11,2025-07-11,chargesheet_filed
INC001117,HAS/2025/01118,hassan,2025-04-08,2025-04-10,investigation
INC001118,DAV/2024/01119,davanagere,2024-02-18,2024-02-20,closed
INC001119,MYS/2024/01120,mysuru,2024-12-23,2024-12-24,investigation
INC001120,KOP/2025/01121,koppal,2025-11-18,2025-11-19,investigation
INC001121,RAI/2025/01122,raichur,2025-06-21,2025-06-22,registered
INC001122,BEN/2024/01123,bengaluru_rural,2024-09-29,2024-09-30,closed
INC001123,SHI/2024/01124,shivamogga,2024-09-15,2024-09-17,registered
INC001124,BAL/2024/01125,ballari,2024-09-18,2024-09-20,investigation
INC001125,DHA/2025/01126,dharwad,2025-12-02,2025-12-04,chargesheet_filed
INC001126,CHI/2025/01127,chikballapur,2025-05-06,2025-05-06,chargesheet_filed
INC001127,UTT/2024/01128,uttara_kannada,2024-09-27,2024-09-29,registered
INC001128,MAN/2025/01129,mandya,2025-11-07,2025-11-09,chargesheet_filed
INC001129,CHI/2025/01130,chikballapur,2025-07-12,2025-07-13,chargesheet_filed
INC001130,VIJ/2025/01131,vijayapura,2025-08-08,2025-08-10,investigation
INC001131,YAD/2024/01132,yadgir,2024-04-24,2024-04-24,chargesheet_filed
INC001132,HAS/2025/01133,hassan,2025-07-01,2025-07-02,chargesheet_filed
INC001133,KAL/2024/01134,kalaburagi,2024-08-26,2024-08-27,investigation
INC001134,BAL/2024/01135,ballari,2024-06-25,2024-06-26,investigation
INC001135,MYS/2024/01136,mysuru,2024-06-10,2024-06-12,investigation
INC001136,BEN/2025/01137,bengaluru_urban,2025-11-17,2025-11-18,chargesheet_filed
INC001137,GAD/2025/01138,gadag,2025-08-17,2025-08-17,investigation
INC001138,BID/2025/01139,bidar,2025-04-16,2025-04-17,chargesheet_filed
INC001139,CHI/2024/01140,chitradurga,2024-01-27,2024-01-27,registered
INC001140,BEN/2025/01141,bengaluru_urban,2025-07-28,2025-07-28,closed
INC001141,KOP/2025/01142,koppal,2025-06-29,2025-06-29,closed
INC001142,SHI/2024/01143,shivamogga,2024-09-21,2024-09-23,investigation
INC001143,DAV/2025/01144,davanagere,2025-08-23,2025-08-25,chargesheet_filed
INC001144,BAL/2024/01145,ballari,2024-01-01,2024-01-02,investigation
INC001145,BEN/2024/01146,bengaluru_rural,2024-05-28,2024-05-29,investigation
INC001146,BAG/2024/01147,bagalkot,2024-07-16,2024-07-18,investigation
INC001147,BEN/2025/01148,bengaluru_rural,2025-04-17,2025-04-18,registered
INC001148,TUM/2025/01149,tumakuru,2025-09-23,2025-09-23,chargesheet_filed
INC001149,TUM/2024/01150,tumakuru,2024-12-14,2024-12-16,registered
INC001150,BAL/2024/01151,ballari,2024-05-18,2024-05-20,chargesheet_filed
INC001151,VIJ/2024/01152,vijayapura,2024-09-09,2024-09-11,registered
INC001152,KOD/2025/01153,kodagu,2025-04-30,2025-05-02,chargesheet_filed
INC001153,KOP/2025/01154,koppal,2025-09-05,2025-09-07,chargesheet_filed
INC001154,KOP/2025/01155,koppal,2025-11-29,2025-11-30,investigation
INC001155,KOD/2025/01156,kodagu,2025-05-16,2025-05-16,chargesheet_filed
INC001156,CHA/2024/01157,chamarajanagar,2024-11-11,2024-11-13,chargesheet_filed
INC001157,CHI/2024/01158,chikkamagaluru,2024-05-13,2024-05-14,closed
INC001158,DAK/2025/01159,dakshina_kannada,2025-10-10,2025-10-12,investigation
INC001159,DAV/2025/01160,davanagere,2025-10-09,2025-10-09,closed
INC001160,BEN/2025/01161,bengaluru_rural,2025-11-22,2025-11-22,investigation
INC001161,RAI/2025/01162,raichur,2025-02-03,2025-02-03,registered
INC001162,HAV/2025/01163,haveri,2025-08-25,2025-08-27,investigation
INC001163,MAN/2025/01164,mandya,2025-02-22,2025-02-23,registered
INC001164,UTT/2024/01165,uttara_kannada,2024-12-20,2024-12-22,registered
INC001165,BAL/2024/01166,ballari,2024-09-16,2024-09-16,chargesheet_filed
INC001166,VIJ/2024/01167,vijayanagara,2024-05-23,2024-05-25,closed
INC001167,HAV/2024/01168,haveri,2024-09-05,2024-09-05,registered
INC001168,YAD/2024/01169,yadgir,2024-03-09,2024-03-09,chargesheet_filed
INC001169,BAG/2024/01170,bagalkot,2024-12-04,2024-12-04,closed
INC001170,CHI/2024/01171,chikkamagaluru,2024-12-19,2024-12-20,closed
INC001171,RAI/2025/01172,raichur,2025-09-09,2025-09-11,registered
INC001172,KOL/2025/01173,kolar,2025-09-29,2025-10-01,chargesheet_filed
INC001173,DAK/2025/01174,dakshina_kannada,2025-12-08,2025-12-09,chargesheet_filed
INC001174,MYS/2025/01175,mysuru,2025-05-05,2025-05-05,investigation
INC001175,HAS/2025/01176,hassan,2025-07-24,2025-07-24,chargesheet_filed
INC001176,RAI/2025/01177,raichur,2025-06-13,2025-06-15,chargesheet_filed
INC001177,BEN/2024/01178,bengaluru_rural,2024-01-17,2024-01-17,closed
INC001178,CHI/2024/01179,chitradurga,2024-07-12,2024-07-12,closed
INC001179,MAN/2025/01180,mandya,2025-03-07,2025-03-07,investigation
INC001180,DAV/2025/01181,davanagere,2025-02-17,2025-02-18,closed
INC001181,BEL/2025/01182,belagavi,2025-11-15,2025-11-15,registered
INC001182,CHI/2024/01183,chikkamagaluru,2024-04-12,2024-04-14,investigation
INC001183,KOL/2025/01184,kolar,2025-01-21,2025-01-23,investigation
INC001184,GAD/2025/01185,gadag,2025-09-21,2025-09-21,investigation
INC001185,HAS/2025/01186,hassan,2025-03-17,2025-03-19,chargesheet_filed
INC001186,DAK/2024/01187,dakshina_kannada,2024-03-15,2024-03-17,investigation
INC001187,BEN/2025/01188,bengaluru_rural,2025-09-08,2025-09-10,chargesheet_filed
INC001188,DAK/2024/01189,dakshina_kannada,2024-06-15,2024-06-17,chargesheet_filed
INC001189,DAK/2025/01190,dakshina_kannada,2025-05-12,2025-05-13,chargesheet_filed
INC001190,HAV/2025/01191,haveri,2025-08-14,2025-08-14,chargesheet_filed
INC001191,CHI/2024/01192,chikkamagaluru,2024-02-20,2024-02-20,investigation
INC001192,MAN/2024/01193,mandya,2024-02-29,2024-03-02,investigation
INC001193,BEN/2025/01194,bengaluru_rural,2025-05-08,2025-05-10,investigation
INC001194,UDU/2024/01195,udupi,2024-07-01,2024-07-03,registered
INC001195,DAK/2024/01196,dakshina_kannada,2024-02-14,2024-02-16,registered
INC001196,CHA/2025/01197,chamarajanagar,2025-02-27,2025-02-28,investigation
INC001197,CHA/2024/01198,chamarajanagar,2024-11-14,2024-11-16,chargesheet_filed
INC001198,CHI/2024/01199,chikballapur,2024-12-06,2024-12-08,investigation
INC001199,UTT/2025/01200,uttara_kannada,2025-03-06,2025-03-07,closed
INC001200,VIJ/2024/01201,vijayanagara,2024-11-21,2024-11-23,closed
INC001201,KOP/2024/01202,koppal,2024-02-21,2024-02-22,investigation
INC001202,VIJ/2024/01203,vijayapura,2024-04-19,2024-04-19,registered
INC001203,YAD/2024/01204,yadgir,2024-04-12,2024-04-13,registered
INC001204,RAI/2025/01205,raichur,2025-10-11,2025-10-11,chargesheet_filed
INC001205,HAS/2024/01206,hassan,2024-03-25,2024-03-26,chargesheet_filed
INC001206,VIJ/2024/01207,vijayanagara,2024-12-11,2024-12-12,closed
INC001207,UTT/2024/01208,uttara_kannada,2024-04-12,2024-04-12,investigation
INC001208,CHA/2025/01209,chamarajanagar,2025-02-06,2025-02-07,chargesheet_filed
INC001209,BAG/2025/01210,bagalkot,2025-12-07,2025-12-08,investigation
INC001210,KOP/2025/01211,koppal,2025-10-31,2025-10-31,closed
INC001211,MAN/2024/01212,mandya,2024-02-04,2024-02-04,investigation
INC001212,RAI/2025/01213,raichur,2025-05-05,2025-05-05,chargesheet_filed
INC001213,DAK/2025/01214,dakshina_kannada,2025-04-14,2025-04-15,registered
INC001214,HAV/2024/01215,haveri,2024-12-22,2024-12-22,closed
INC001215,RAI/2025/01216,raichur,2025-10-04,2025-10-04,investigation
INC001216,KOD/2024/01217,kodagu,2024-12-30,2024-12-31,chargesheet_filed
INC001217,YAD/2024/01218,yadgir,2024-10-15,2024-10-16,investigation
INC001218,CHI/2025/01219,chitradurga,2025-08-30,2025-08-30,investigation
INC001219,HAS/2025/01220,hassan,2025-06-17,2025-06-18,closed
INC001220,BEN/2024/01221,bengaluru_rural,2024-07-04,2024-07-06,chargesheet_filed
INC001221,GAD/2024/01222,gadag,2024-04-18,2024-04-18,chargesheet_filed
INC001222,SHI/2025/01223,shivamogga,2025-07-23,2025-07-24,closed
INC001223,UTT/2024/01224,uttara_kannada,2024-12-05,2024-12-05,chargesheet_filed
INC001224,BID/2024/01225,bidar,2024-05-21,2024-05-21,registered
INC001225,CHI/2024/01226,chikkamagaluru,2024-03-31,2024-04-02,investigation
INC001226,GAD/2025/01227,gadag,2025-06-21,2025-06-22,chargesheet_filed
INC001227,BEN/2025/01228,bengaluru_urban,2025-12-13,2025-12-15,investigation
INC001228,CHI/2024/01229,chikkamagaluru,2024-12-09,2024-12-10,investigation
INC001229,CHI/2025/01230,chikballapur,2025-08-21,2025-08-21,chargesheet_filed
INC001230,CHA/2024/01231,chamarajanagar,2024-06-11,2024-06-11,closed
INC001231,UDU/2024/01232,udupi,2024-09-10,2024-09-11,registered
INC001232,UDU/2025/01233,udupi,2025-05-28,2025-05-29,investigation
INC001233,VIJ/2024/01234,vijayanagara,2024-02-11,2024-02-11,registered
INC001234,KOP/2025/01235,koppal,2025-11-02,2025-11-02,chargesheet_filed
INC001235,BEL/2025/01236,belagavi,2025-01-29,2025-01-30,closed
INC001236,YAD/2025/01237,yadgir,2025-06-30,2025-07-02,chargesheet_filed
INC001237,RAM/2025/01238,ramanagara,2025-02-21,2025-02-22,closed
INC001238,YAD/2024/01239,yadgir,2024-05-17,2024-05-18,closed
INC001239,RAI/2025/01240,raichur,2025-12-07,2025-12-08,chargesheet_filed
INC001240,KOL/2024/01241,kolar,2024-12-04,2024-12-06,closed
INC001241,SHI/2025/01242,shivamogga,2025-02-06,2025-02-08,investigation
INC001242,KOL/2024/01243,kolar,2024-01-23,2024-01-24,closed
INC001243,UTT/2025/01244,uttara_kannada,2025-08-12,2025-08-13,investigation
INC001244,BAL/2024/01245,ballari,2024-07-04,2024-07-06,closed
INC001245,HAS/2024/01246,hassan,2024-08-06,2024-08-08,investigation
INC001246,BEL/2024/01247,belagavi,2024-06-20,2024-06-21,chargesheet_filed
INC001247,CHI/2025/01248,chikkamagaluru,2025-06-01,2025-06-03,chargesheet_filed
INC001248,HAS/2024/01249,hassan,2024-08-15,2024-08-15,chargesheet_filed
INC001249,UDU/2025/01250,udupi,2025-10-23,2025-10-23,chargesheet_filed
INC001250,BEL/2025/01251,belagavi,2025-11-29,2025-11-30,investigation
INC001251,HAV/2025/01252,haveri,2025-06-25,2025-06-25,closed
INC001252,RAM/2025/01253,ramanagara,2025-09-07,2025-09-09,closed
INC001253,YAD/2024/01254,yadgir,2024-12-18,2024-12-20,investigation
INC001254,RAI/2024/01255,raichur,2024-01-02,2024-01-04,chargesheet_filed
INC001255,BEN/2024/01256,bengaluru_urban,2024-08-15,2024-08-15,investigation
INC001256,DHA/2024/01257,dharwad,2024-12-24,2024-12-24,closed
INC001257,BAG/2024/01258,bagalkot,2024-07-23,2024-07-24,registered
INC001258,HAS/2025/01259,hassan,2025-02-16,2025-02-17,registered
INC001259,BEN/2024/01260,bengaluru_urban,2024-12-20,2024-12-22,chargesheet_filed
INC001260,VIJ/2024/01261,vijayapura,2024-08-04,2024-08-05,investigation
INC001261,HAV/2024/01262,haveri,2024-04-17,2024-04-19,investigation
INC001262,KAL/2024/01263,kalaburagi,2024-06-27,2024-06-28,chargesheet_filed
INC001263,TUM/2024/01264,tumakuru,2024-11-22,2024-11-22,closed
INC001264,KOL/2024/01265,kolar,2024-10-05,2024-10-05,chargesheet_filed
INC001265,MYS/2024/01266,mysuru,2024-06-21,2024-06-21,registered
INC001266,DHA/2025/01267,dharwad,2025-03-16,2025-03-17,chargesheet_filed
INC001267,SHI/2025/01268,shivamogga,2025-05-10,2025-05-10,registered
INC001268,MAN/2024/01269,mandya,2024-07-26,2024-07-27,investigation
INC001269,DAV/2024/01270,davanagere,2024-06-11,2024-06-11,chargesheet_filed
INC001270,HAS/2024/01271,hassan,2024-05-23,2024-05-24,investigation
INC001271,VIJ/2025/01272,vijayapura,2025-03-05,2025-03-06,investigation
INC001272,RAM/2025/01273,ramanagara,2025-04-26,2025-04-27,closed
INC001273,RAI/2024/01274,raichur,2024-08-16,2024-08-17,chargesheet_filed
INC001274,CHI/2025/01275,chikballapur,2025-11-21,2025-11-21,closed
INC001275,SHI/2024/01276,shivamogga,2024-09-10,2024-09-11,closed
INC001276,CHI/2025/01277,chikkamagaluru,2025-09-14,2025-09-16,investigation
INC001277,RAM/2025/01278,ramanagara,2025-05-27,2025-05-28,chargesheet_filed
INC001278,RAI/2025/01279,raichur,2025-08-07,2025-08-07,registered
INC001279,BEN/2024/01280,bengaluru_urban,2024-12-10,2024-12-10,registered
INC001280,UTT/2024/01281,uttara_kannada,2024-11-05,2024-11-06,investigation
INC001281,UDU/2025/01282,udupi,2025-09-17,2025-09-17,registered
INC001282,CHA/2024/01283,chamarajanagar,2024-12-30,2025-01-01,closed
INC001283,VIJ/2025/01284,vijayanagara,2025-07-22,2025-07-24,chargesheet_filed
INC001284,VIJ/2024/01285,vijayanagara,2024-08-14,2024-08-16,chargesheet_filed
INC001285,CHA/2024/01286,chamarajanagar,2024-07-28,2024-07-29,investigation
INC001286,BAG/2025/01287,bagalkot,2025-02-20,2025-02-21,investigation
INC001287,BEN/2025/01288,bengaluru_urban,2025-01-25,2025-01-27,registered
INC001288,BEN/2024/01289,bengaluru_urban,2024-07-31,2024-07-31,chargesheet_filed
INC001289,CHA/2025/01290,chamarajanagar,2025-04-04,2025-04-04,registered
INC001290,BEN/2025/01291,bengaluru_urban,2025-09-30,2025-09-30,registered
INC001291,RAM/2025/01292,ramanagara,2025-02-22,2025-02-24,registered
INC001292,BID/2024/01293,bidar,2024-09-12,2024-09-13,chargesheet_filed
INC001293,BAL/2024/01294,ballari,2024-10-04,2024-10-04,chargesheet_filed
INC001294,RAM/2025/01295,ramanagara,2025-01-17,2025-01-17,chargesheet_filed
INC001295,CHI/2025/01296,chikballapur,2025-01-30,2025-02-01,closed
INC001296,CHI/2025/01297,chitradurga,2025-01-29,2025-01-31,investigation
INC001297,BEN/2024/01298,bengaluru_rural,2024-05-13,2024-05-15,investigation
INC001298,KOP/2024/01299,koppal,2024-10-25,2024-10-25,investigation
INC001299,VIJ/2024/01300,vijayapura,2024-04-14,2024-04-15,closed
INC001300,BID/2024/01301,bidar,2024-09-12,2024-09-12,registered
INC001301,RAI/2024/01302,raichur,2024-07-15,2024-07-17,chargesheet_filed
INC001302,BAG/2024/01303,bagalkot,2024-10-04,2024-10-05,chargesheet_filed
INC001303,BID/2025/01304,bidar,2025-02-10,2025-02-12,chargesheet_filed
INC001304,BEL/2025/01305,belagavi,2025-08-03,2025-08-04,investigation
INC001305,KOL/2025/01306,kolar,2025-09-11,2025-09-13,closed
INC001306,VIJ/2024/01307,vijayanagara,2024-10-19,2024-10-20,investigation
INC001307,DHA/2024/01308,dharwad,2024-11-21,2024-11-21,investigation
INC001308,KAL/2024/01309,kalaburagi,2024-12-09,2024-12-09,chargesheet_filed
INC001309,RAI/2025/01310,raichur,2025-08-10,2025-08-10,registered
INC001310,KOD/2025/01311,kodagu,2025-07-05,2025-07-06,chargesheet_filed
INC001311,SHI/2024/01312,shivamogga,2024-11-01,2024-11-03,registered
INC001312,VIJ/2025/01313,vijayanagara,2025-02-01,2025-02-02,investigation
INC001313,CHA/2024/01314,chamarajanagar,2024-05-01,2024-05-02,chargesheet_filed
INC001314,TUM/2024/01315,tumakuru,2024-05-24,2024-05-24,investigation
INC001315,YAD/2024/01316,yadgir,2024-04-25,2024-04-27,closed
INC001316,RAM/2025/01317,ramanagara,2025-06-10,2025-06-12,registered
INC001317,DAK/2024/01318,dakshina_kannada,2024-07-20,2024-07-20,chargesheet_filed
INC001318,KOD/2025/01319,kodagu,2025-07-17,2025-07-19,investigation
INC001319,UTT/2025/01320,uttara_kannada,2025-04-13,2025-04-13,investigation
INC001320,VIJ/2025/01321,vijayapura,2025-06-01,2025-06-03,closed
INC001321,BEN/2024/01322,bengaluru_urban,2024-01-01,2024-01-03,chargesheet_filed
INC001322,BEN/2024/01323,bengaluru_rural,2024-08-19,2024-08-21,chargesheet_filed
INC001323,HAV/2025/01324,haveri,2025-02-19,2025-02-20,registered
INC001324,BID/2025/01325,bidar,2025-10-06,2025-10-06,chargesheet_filed
INC001325,RAI/2025/01326,raichur,2025-02-23,2025-02-23,investigation
INC001326,DAV/2024/01327,davanagere,2024-06-03,2024-06-05,closed
INC001327,KOL/2024/01328,kolar,2024-11-11,2024-11-11,investigation
INC001328,SHI/2024/01329,shivamogga,2024-10-01,2024-10-03,investigation
INC001329,KOD/2025/01330,kodagu,2025-12-03,2025-12-04,chargesheet_filed
INC001330,KAL/2025/01331,kalaburagi,2025-04-18,2025-04-20,investigation
INC001331,VIJ/2024/01332,vijayapura,2024-11-19,2024-11-19,investigation
INC001332,YAD/2024/01333,yadgir,2024-02-02,2024-02-03,registered
INC001333,HAV/2024/01334,haveri,2024-08-14,2024-08-15,chargesheet_filed
INC001334,TUM/2024/01335,tumakuru,2024-01-15,2024-01-16,closed
INC001335,KOL/2024/01336,kolar,2024-08-05,2024-08-07,investigation
INC001336,KAL/2025/01337,kalaburagi,2025-03-18,2025-03-19,closed
INC001337,BAL/2025/01338,ballari,2025-03-13,2025-03-13,investigation
INC001338,UDU/2025/01339,udupi,2025-07-26,2025-07-27,investigation
INC001339,BID/2024/01340,bidar,2024-11-18,2024-11-18,registered
INC001340,HAS/2024/01341,hassan,2024-08-29,2024-08-29,investigation
INC001341,KOD/2024/01342,kodagu,2024-06-23,2024-06-23,investigation
INC001342,BEN/2024/01343,bengaluru_urban,2024-01-04,2024-01-06,investigation
INC001343,CHI/2024/01344,chikballapur,2024-03-10,2024-03-12,registered
INC001344,KOL/2025/01345,kolar,2025-07-21,2025-07-23,investigation
INC001345,BEL/2025/01346,belagavi,2025-01-12,2025-01-12,investigation
INC001346,HAS/2025/01347,hassan,2025-10-14,2025-10-15,investigation
INC001347,RAI/2024/01348,raichur,2024-05-01,2024-05-03,investigation
INC001348,BEL/2024/01349,belagavi,2024-05-07,2024-05-07,chargesheet_filed
INC001349,KOD/2024/01350,kodagu,2024-12-27,2024-12-28,investigation
INC001350,UDU/2025/01351,udupi,2025-12-09,2025-12-11,investigation
INC001351,CHI/2025/01352,chikkamagaluru,2025-12-03,2025-12-04,investigation
INC001352,KOL/2025/01353,kolar,2025-03-29,2025-03-30,chargesheet_filed
INC001353,BEN/2024/01354,bengaluru_urban,2024-11-13,2024-11-15,chargesheet_filed
INC001354,DAK/2024/01355,dakshina_kannada,2024-02-19,2024-02-20,investigation
INC001355,BID/2024/01356,bidar,2024-08-27,2024-08-27,chargesheet_filed
INC001356,RAM/2025/01357,ramanagara,2025-09-26,2025-09-27,chargesheet_filed
INC001357,RAM/2024/01358,ramanagara,2024-07-02,2024-07-04,investigation
INC001358,VIJ/2025/01359,vijayanagara,2025-08-17,2025-08-18,chargesheet_filed
INC001359,KAL/2024/01360,kalaburagi,2024-08-10,2024-08-12,investigation
INC001360,MAN/2025/01361,mandya,2025-08-13,2025-08-13,chargesheet_filed
INC001361,BEL/2024/01362,belagavi,2024-08-14,2024-08-16,chargesheet_filed
INC001362,BEN/2024/01363,bengaluru_rural,2024-01-21,2024-01-23,investigation
INC001363,BAL/2024/01364,ballari,2024-05-04,2024-05-06,registered
INC001364,CHA/2024/01365,chamarajanagar,2024-11-02,2024-11-03,registered
INC001365,DHA/2025/01366,dharwad,2025-12-07,2025-12-09,investigation
INC001366,HAS/2025/01367,hassan,2025-01-10,2025-01-12,investigation
INC001367,YAD/2025/01368,yadgir,2025-01-23,2025-01-25,chargesheet_filed
INC001368,DAK/2025/01369,dakshina_kannada,2025-10-27,2025-10-27,investigation
INC001369,DAK/2024/01370,dakshina_kannada,2024-11-27,2024-11-29,closed
INC001370,BAG/2024/01371,bagalkot,2024-05-18,2024-05-19,registered
INC001371,KOL/2025/01372,kolar,2025-06-25,2025-06-26,chargesheet_filed
INC001372,KOD/2025/01373,kodagu,2025-08-06,2025-08-07,closed
INC001373,BAG/2024/01374,bagalkot,2024-05-06,2024-05-08,closed
INC001374,VIJ/2025/01375,vijayapura,2025-08-27,2025-08-27,chargesheet_filed
INC001375,BEN/2025/01376,bengaluru_rural,2025-05-01,2025-05-01,chargesheet_filed
INC001376,BAL/2024/01377,ballari,2024-05-16,2024-05-17,registered
INC001377,BAG/2024/01378,bagalkot,2024-10-01,2024-10-01,chargesheet_filed
INC001378,CHI/2024/01379,chitradurga,2024-03-01,2024-03-01,closed
INC001379,GAD/2024/01380,gadag,2024-09-18,2024-09-18,investigation
INC001380,UDU/2025/01381,udupi,2025-03-05,2025-03-07,registered
INC001381,RAI/2024/01382,raichur,2024-06-01,2024-06-03,investigation
INC001382,YAD/2025/01383,yadgir,2025-08-07,2025-08-09,chargesheet_filed
INC001383,BAG/2025/01384,bagalkot,2025-04-21,2025-04-21,registered
INC001384,BID/2024/01385,bidar,2024-02-05,2024-02-05,registered
INC001385,TUM/2024/01386,tumakuru,2024-05-02,2024-05-02,closed
INC001386,HAV/2024/01387,haveri,2024-06-20,2024-06-20,investigation
INC001387,BAG/2024/01388,bagalkot,2024-05-27,2024-05-27,investigation
INC001388,KOP/2025/01389,koppal,2025-04-30,2025-04-30,investigation
INC001389,BAG/2025/01390,bagalkot,2025-09-09,2025-09-11,registered
INC001390,DAK/2024/01391,dakshina_kannada,2024-04-18,2024-04-20,chargesheet_filed
INC001391,MYS/2025/01392,mysuru,2025-07-23,2025-07-24,registered
INC001392,BEL/2025/01393,belagavi,2025-03-24,2025-03-26,registered
INC001393,BEN/2024/01394,bengaluru_urban,2024-10-25,2024-10-25,investigation
INC001394,VIJ/2025/01395,vijayanagara,2025-02-17,2025-02-17,investigation
INC001395,KAL/2025/01396,kalaburagi,2025-04-04,2025-04-04,registered
INC001396,RAM/2024/01397,ramanagara,2024-03-08,2024-03-10,investigation
INC001397,HAS/2024/01398,hassan,2024-01-22,2024-01-22,chargesheet_filed
INC001398,DHA/2024/01399,dharwad,2024-01-24,2024-01-26,chargesheet_filed
INC001399,CHI/2024/01400,chitradurga,2024-01-10,2024-01-12,closed
INC001400,KAL/2025/01401,kalaburagi,2025-09-03,2025-09-04,chargesheet_filed
INC001401,MAN/2024/01402,mandya,2024-04-04,2024-04-05,chargesheet_filed
INC001402,CHI/2025/01403,chikkamagaluru,2025-01-06,2025-01-07,investigation
INC001403,BEN/2025/01404,bengaluru_rural,2025-03-28,2025-03-28,chargesheet_filed
INC001404,BEN/2024/01405,bengaluru_urban,2024-01-02,2024-01-02,chargesheet_filed
INC001405,DAV/2025/01406,davanagere,2025-02-25,2025-02-26,registered
INC001406,DAV/2025/01407,davanagere,2025-10-05,2025-10-07,registered
INC001407,BAL/2024/01408,ballari,2024-09-27,2024-09-27,registered
INC001408,BAG/2024/01409,bagalkot,2024-03-11,2024-03-13,closed
INC001409,MAN/2025/01410,mandya,2025-01-25,2025-01-25,closed
INC001410,UTT/2024/01411,uttara_kannada,2024-08-30,2024-08-30,investigation
INC001411,DHA/2025/01412,dharwad,2025-04-14,2025-04-15,closed
INC001412,KAL/2025/01413,kalaburagi,2025-02-22,2025-02-23,chargesheet_filed
INC001413,TUM/2025/01414,tumakuru,2025-02-26,2025-02-28,investigation
INC001414,KOD/2024/01415,kodagu,2024-11-10,2024-11-10,closed
INC001415,UDU/2024/01416,udupi,2024-12-10,2024-12-11,chargesheet_filed
INC001416,TUM/2024/01417,tumakuru,2024-06-16,2024-06-16,registered
INC001417,BAG/2025/01418,bagalkot,2025-06-27,2025-06-29,investigation
INC001418,DAV/2025/01419,davanagere,2025-02-18,2025-02-18,chargesheet_filed
INC001419,CHI/2024/01420,chitradurga,2024-07-05,2024-07-05,chargesheet_filed
INC001420,RAI/2024/01421,raichur,2024-09-02,2024-09-04,chargesheet_filed
INC001421,BAL/2024/01422,ballari,2024-03-23,2024-03-23,investigation
INC001422,BEN/2025/01423,bengaluru_rural,2025-05-01,2025-05-03,investigation
INC001423,GAD/2025/01424,gadag,2025-04-22,2025-04-22,chargesheet_filed
INC001424,SHI/2025/01425,shivamogga,2025-10-07,2025-10-08,chargesheet_filed
INC001425,YAD/2025/01426,yadgir,2025-10-05,2025-10-06,investigation
INC001426,SHI/2024/01427,shivamogga,2024-05-20,2024-05-20,chargesheet_filed
INC001427,MAN/2024/01428,mandya,2024-07-26,2024-07-27,investigation
INC001428,BID/2025/01429,bidar,2025-07-27,2025-07-28,chargesheet_filed
INC001429,CHA/2024/01430,chamarajanagar,2024-07-17,2024-07-18,closed
INC001430,TUM/2024/01431,tumakuru,2024-05-04,2024-05-05,chargesheet_filed
INC001431,CHI/2025/01432,chikkamagaluru,2025-07-18,2025-07-19,chargesheet_filed
INC001432,BEL/2025/01433,belagavi,2025-03-29,2025-03-30,chargesheet_filed
INC001433,RAI/2025/01434,raichur,2025-08-14,2025-08-16,closed
INC001434,CHA/2024/01435,chamarajanagar,2024-01-05,2024-01-05,investigation
INC001435,BEL/2025/01436,belagavi,2025-07-08,2025-07-08,registered
INC001436,DHA/2024/01437,dharwad,2024-04-13,2024-04-14,chargesheet_filed
INC001437,DHA/2025/01438,dharwad,2025-07-17,2025-07-19,chargesheet_filed
INC001438,VIJ/2024/01439,vijayanagara,2024-05-01,2024-05-02,investigation
INC001439,TUM/2024/01440,tumakuru,2024-06-08,2024-06-09,closed
INC001440,DAK/2025/01441,dakshina_kannada,2025-04-28,2025-04-30,chargesheet_filed
INC001441,HAV/2025/01442,haveri,2025-08-29,2025-08-31,registered
INC001442,GAD/2024/01443,gadag,2024-06-06,2024-06-08,chargesheet_filed
INC001443,HAS/2024/01444,hassan,2024-04-14,2024-04-14,investigation
INC001444,KAL/2024/01445,kalaburagi,2024-11-21,2024-11-21,chargesheet_filed
INC001445,SHI/2025/01446,shivamogga,2025-07-30,2025-07-31,chargesheet_filed
INC001446,YAD/2024/01447,yadgir,2024-05-19,2024-05-19,closed
INC001447,RAM/2024/01448,ramanagara,2024-08-11,2024-08-13,chargesheet_filed
INC001448,TUM/2024/01449,tumakuru,2024-08-28,2024-08-28,chargesheet_filed
INC001449,CHA/2024/01450,chamarajanagar,2024-09-20,2024-09-22,chargesheet_filed
INC001450,KOL/2024/01451,kolar,2024-06-11,2024-06-13,closed
INC001451,BID/2024/01452,bidar,2024-07-30,2024-08-01,registered
INC001452,MAN/2024/01453,mandya,2024-03-17,2024-03-18,investigation
INC001453,BAL/2025/01454,ballari,2025-05-18,2025-05-19,investigation
INC001454,YAD/2024/01455,yadgir,2024-06-28,2024-06-30,registered
INC001455,HAV/2024/01456,haveri,2024-07-07,2024-07-07,registered
INC001456,YAD/2024/01457,yadgir,2024-02-10,2024-02-10,investigation
INC001457,TUM/2025/01458,tumakuru,2025-03-27,2025-03-28,investigation
INC001458,RAM/2024/01459,ramanagara,2024-06-09,2024-06-11,chargesheet_filed
INC001459,VIJ/2025/01460,vijayapura,2025-07-07,2025-07-09,registered
INC001460,HAS/2025/01461,hassan,2025-02-08,2025-02-08,chargesheet_filed
INC001461,RAM/2024/01462,ramanagara,2024-11-04,2024-11-05,closed
INC001462,BAG/2024/01463,bagalkot,2024-01-23,2024-01-25,chargesheet_filed
INC001463,BID/2024/01464,bidar,2024-06-24,2024-06-24,closed
INC001464,KOP/2024/01465,koppal,2024-11-02,2024-11-02,investigation
INC001465,BEL/2024/01466,belagavi,2024-06-26,2024-06-26,investigation
INC001466,KAL/2024/01467,kalaburagi,2024-08-19,2024-08-21,chargesheet_filed
INC001467,BAG/2024/01468,bagalkot,2024-06-16,2024-06-18,registered
INC001468,DHA/2025/01469,dharwad,2025-03-30,2025-03-31,closed
INC001469,KOL/2024/01470,kolar,2024-03-18,2024-03-19,investigation
INC001470,SHI/2024/01471,shivamogga,2024-01-16,2024-01-17,chargesheet_filed
INC001471,DAV/2025/01472,davanagere,2025-12-20,2025-12-20,chargesheet_filed
INC001472,HAV/2025/01473,haveri,2025-03-09,2025-03-10,investigation
INC001473,DAK/2024/01474,dakshina_kannada,2024-08-22,2024-08-22,investigation
INC001474,BEN/2024/01475,bengaluru_rural,2024-10-04,2024-10-06,chargesheet_filed
INC001475,UTT/2025/01476,uttara_kannada,2025-01-18,2025-01-18,investigation
INC001476,MAN/2025/01477,mandya,2025-07-12,2025-07-14,investigation
INC001477,UDU/2025/01478,udupi,2025-03-17,2025-03-19,investigation
INC001478,MYS/2024/01479,mysuru,2024-12-14,2024-12-15,closed
INC001479,BAG/2025/01480,bagalkot,2025-05-04,2025-05-06,chargesheet_filed
INC001480,BID/2025/01481,bidar,2025-08-22,2025-08-22,investigation
INC001481,SHI/2025/01482,shivamogga,2025-07-19,2025-07-20,closed
INC001482,DHA/2024/01483,dharwad,2024-01-14,2024-01-14,chargesheet_filed
INC001483,UDU/2024/01484,udupi,2024-07-17,2024-07-18,chargesheet_filed
INC001484,RAM/2024/01485,ramanagara,2024-08-25,2024-08-25,chargesheet_filed
INC001485,DHA/2024/01486,dharwad,2024-03-29,2024-03-29,chargesheet_filed
INC001486,UDU/2025/01487,udupi,2025-02-13,2025-02-13,investigation
INC001487,GAD/2025/01488,gadag,2025-04-19,2025-04-19,investigation
INC001488,CHI/2025/01489,chikkamagaluru,2025-10-20,2025-10-21,chargesheet_filed
INC001489,HAV/2024/01490,haveri,2024-07-20,2024-07-22,closed
INC001490,HAV/2024/01491,haveri,2024-10-11,2024-10-12,closed
INC001491,UDU/2025/01492,udupi,2025-07-17,2025-07-18,chargesheet_filed
INC001492,BEL/2024/01493,belagavi,2024-11-11,2024-11-12,investigation
INC001493,RAM/2024/01494,ramanagara,2024-10-27,2024-10-27,investigation
INC001494,CHI/2025/01495,chikkamagaluru,2025-03-04,2025-03-06,investigation
INC001495,RAM/2025/01496,ramanagara,2025-10-02,2025-10-03,investigation
INC001496,CHI/2024/01497,chitradurga,2024-09-25,2024-09-26,chargesheet_filed
INC001497,KOD/2025/01498,kodagu,2025-02-09,2025-02-10,chargesheet_filed
INC001498,DAV/2025/01499,davanagere,2025-07-20,2025-07-22,investigation
INC001499,SHI/2025/01500,shivamogga,2025-08-13,2025-08-15,investigation
INC001500,DHA/2025/01501,dharwad,2025-04-10,2025-04-10,investigation
